region_id,name,type,parent_region_id,population
REG_DELHI,Delhi,state,,
REG_SHAHDARA_NORTH,Shahdara North Zone,zone,REG_DELHI,
REG_SHAHDARA_SOUTH,Shahdara South Zone,zone,REG_DELHI,
REG_W1,DMC Ward No - 1,ward,REG_SHAHDARA_NORTH,55512
REG_W2,DMC Ward No - 2,ward,REG_SHAHDARA_NORTH,37929
REG_W9,DMC Ward No - 9,ward,REG_SHAHDARA_NORTH,60531
REG_W10,DMC Ward No - 10,ward,REG_SHAHDARA_NORTH,70476
REG_W11,DMC Ward No - 11,ward,REG_SHAHDARA_NORTH,38211
REG_W12,DMC Ward No - 12,ward,REG_SHAHDARA_NORTH,41703
REG_W13,DMC Ward No - 13,ward,REG_SHAHDARA_NORTH,46578
REG_W14,DMC Ward No - 14,ward,REG_SHAHDARA_NORTH,50721
REG_W15,DMC Ward No - 15,ward,REG_SHAHDARA_NORTH,4839
REG_W16,DMC Ward No - 16,ward,REG_SHAHDARA_NORTH,47002
REG_W17,DMC Ward No - 17,ward,REG_SHAHDARA_NORTH,55747
REG_W21,DMC Ward No - 21,ward,REG_SHAHDARA_NORTH,66482
REG_W22,DMC Ward No - 22,ward,REG_SHAHDARA_NORTH,52541
REG_W23,DMC Ward No - 23,ward,REG_SHAHDARA_NORTH,94843
REG_W24,DMC Ward No - 24,ward,REG_SHAHDARA_NORTH,77614
REG_W26,DMC Ward No - 26,ward,REG_SHAHDARA_NORTH,5993
REG_W38,DMC Ward No - 38,ward,REG_SHAHDARA_NORTH,41674
REG_W41,DMC Ward No - 41,ward,REG_SHAHDARA_NORTH,51975
REG_W42,DMC Ward No - 42,ward,REG_SHAHDARA_NORTH,44150
REG_W45,DMC Ward No - 45,ward,REG_SHAHDARA_NORTH,62796
REG_W46,DMC Ward No - 46,ward,REG_SHAHDARA_NORTH,60882
REG_W47,DMC Ward No - 47,ward,REG_SHAHDARA_NORTH,55177
REG_W48,DMC Ward No - 48,ward,REG_SHAHDARA_NORTH,45206
REG_W49,DMC Ward No - 49,ward,REG_SHAHDARA_NORTH,39841
REG_W50,DMC Ward No - 50,ward,REG_SHAHDARA_NORTH,58558
REG_W51,DMC Ward No - 51,ward,REG_SHAHDARA_NORTH,48118
REG_W52,DMC Ward No - 52,ward,REG_SHAHDARA_NORTH,49787
REG_W53,DMC Ward No - 53,ward,REG_SHAHDARA_NORTH,51528
REG_W54,DMC Ward No - 54,ward,REG_SHAHDARA_NORTH,56149
REG_W55,DMC Ward No - 55,ward,REG_SHAHDARA_NORTH,59383
REG_W56,DMC Ward No - 56,ward,REG_SHAHDARA_NORTH,25529
REG_W57,DMC Ward No - 57,ward,REG_SHAHDARA_NORTH,55273
REG_W58,DMC Ward No - 58,ward,REG_SHAHDARA_NORTH,42423
REG_W59,DMC Ward No - 59,ward,REG_SHAHDARA_NORTH,10377
REG_W60,DMC Ward No - 60,ward,REG_SHAHDARA_NORTH,1677
REG_W61,DMC Ward No - 61,ward,REG_SHAHDARA_NORTH,51984
REG_W62,DMC Ward No - 62,ward,REG_SHAHDARA_NORTH,10546
REG_W63,DMC Ward No - 63,ward,REG_SHAHDARA_NORTH,51105
REG_W64,DMC Ward No - 64,ward,REG_SHAHDARA_NORTH,49006
REG_W65,DMC Ward No - 65,ward,REG_SHAHDARA_NORTH,52609
REG_W66,DMC Ward No - 66,ward,REG_SHAHDARA_NORTH,34708
REG_W67,DMC Ward No - 67,ward,REG_SHAHDARA_NORTH,50316
REG_W68,DMC Ward No - 68,ward,REG_SHAHDARA_NORTH,54212
REG_W69,DMC Ward No - 69,ward,REG_SHAHDARA_NORTH,44888
REG_W70,DMC Ward No - 70,ward,REG_SHAHDARA_NORTH,25578
REG_W71,DMC Ward No - 71,ward,REG_SHAHDARA_NORTH,49447
REG_W72,DMC Ward No - 72,ward,REG_SHAHDARA_NORTH,39032
REG_W73,DMC Ward No - 73,ward,REG_SHAHDARA_NORTH,17396
REG_W74,DMC Ward No - 74,ward,REG_SHAHDARA_NORTH,30385
REG_W75,DMC Ward No - 75,ward,REG_SHAHDARA_NORTH,58471
REG_W76,DMC Ward No - 76,ward,REG_SHAHDARA_NORTH,6181
REG_W77,DMC Ward No - 77,ward,REG_SHAHDARA_NORTH,5051
REG_W78,DMC Ward No - 78,ward,REG_SHAHDARA_NORTH,40401
REG_W79,DMC Ward No - 79,ward,REG_SHAHDARA_NORTH,50068
REG_W80,DMC Ward No - 80,ward,REG_SHAHDARA_NORTH,1978
REG_W81,DMC Ward No - 81,ward,REG_SHAHDARA_NORTH,35513
REG_W82,DMC Ward No - 82,ward,REG_SHAHDARA_NORTH,47334
REG_W83,DMC Ward No - 83,ward,REG_SHAHDARA_NORTH,41723
REG_W84,DMC Ward No - 84,ward,REG_SHAHDARA_NORTH,46770
REG_W85,DMC Ward No - 85,ward,REG_SHAHDARA_NORTH,13679
REG_W86,DMC Ward No - 86,ward,REG_SHAHDARA_NORTH,18477
REG_W87,DMC Ward No - 87,ward,REG_SHAHDARA_NORTH,307
REG_W88,DMC Ward No - 88,ward,REG_SHAHDARA_NORTH,12240
REG_W89,DMC Ward No - 89,ward,REG_SHAHDARA_NORTH,47987
REG_W90,DMC Ward No - 90,ward,REG_SHAHDARA_NORTH,45718
REG_W91,DMC Ward No - 91,ward,REG_SHAHDARA_NORTH,17781
REG_W92,DMC Ward No - 92,ward,REG_SHAHDARA_NORTH,52078
REG_W93,DMC Ward No - 93,ward,REG_SHAHDARA_NORTH,48514
REG_W94,DMC Ward No - 94,ward,REG_SHAHDARA_NORTH,63810
REG_W95,DMC Ward No - 95,ward,REG_SHAHDARA_NORTH,3162
REG_W96,DMC Ward No - 96,ward,REG_SHAHDARA_NORTH,53541
REG_W97,DMC Ward No - 97,ward,REG_SHAHDARA_NORTH,46805
REG_W98,DMC Ward No - 98,ward,REG_SHAHDARA_NORTH,48877
REG_W99,DMC Ward No - 99,ward,REG_SHAHDARA_NORTH,16525
REG_W100,DMC Ward No - 100,ward,REG_SHAHDARA_NORTH,49621
REG_W101,DMC Ward No - 101,ward,REG_SHAHDARA_NORTH,39261
REG_W102,DMC Ward No - 102,ward,REG_SHAHDARA_NORTH,62412
REG_W103,DMC Ward No - 103,ward,REG_SHAHDARA_NORTH,49968
REG_W104,DMC Ward No - 104,ward,REG_SHAHDARA_NORTH,48748
REG_W105,DMC Ward No - 105,ward,REG_SHAHDARA_NORTH,43740
REG_W106,DMC Ward No - 106,ward,REG_SHAHDARA_NORTH,27002
REG_W107,DMC Ward No - 107,ward,REG_SHAHDARA_NORTH,58408
REG_W108,DMC Ward No - 108,ward,REG_SHAHDARA_NORTH,29100
REG_W109,DMC Ward No - 109,ward,REG_SHAHDARA_NORTH,36168
REG_W110,DMC Ward No - 110,ward,REG_SHAHDARA_NORTH,16529
REG_W111,DMC Ward No - 111,ward,REG_SHAHDARA_NORTH,39943
REG_W112,DMC Ward No - 112,ward,REG_SHAHDARA_NORTH,46251
REG_W113,DMC Ward No - 113,ward,REG_SHAHDARA_NORTH,46141
REG_W114,DMC Ward No - 114,ward,REG_SHAHDARA_NORTH,12918
REG_W115,DMC Ward No - 115,ward,REG_SHAHDARA_NORTH,57655
REG_W116,DMC Ward No - 116,ward,REG_SHAHDARA_NORTH,45179
REG_W117,DMC Ward No - 117,ward,REG_SHAHDARA_NORTH,20475
REG_W118,DMC Ward No - 118,ward,REG_SHAHDARA_NORTH,12151
REG_W119,DMC Ward No - 119,ward,REG_SHAHDARA_NORTH,65247
REG_W120,DMC Ward No - 120,ward,REG_SHAHDARA_NORTH,64252
REG_W123,DMC Ward No - 123,ward,REG_SHAHDARA_NORTH,52975
REG_W124,DMC Ward No - 124,ward,REG_SHAHDARA_NORTH,30336
REG_W125,DMC Ward No - 125,ward,REG_SHAHDARA_NORTH,110469
REG_W126,DMC Ward No - 126,ward,REG_SHAHDARA_NORTH,41164
REG_W127,DMC Ward No - 127,ward,REG_SHAHDARA_NORTH,11910
REG_W128,DMC Ward No - 128,ward,REG_SHAHDARA_NORTH,71443
REG_W129,DMC Ward No - 129,ward,REG_SHAHDARA_NORTH,59691
REG_W130,DMC Ward No - 130,ward,REG_SHAHDARA_NORTH,48946
REG_W131,DMC Ward No - 131,ward,REG_SHAHDARA_NORTH,54383
REG_W132,DMC Ward No - 132,ward,REG_SHAHDARA_NORTH,50837
REG_W135,DMC Ward No - 135,ward,REG_SHAHDARA_NORTH,107229
REG_W136,DMC Ward No - 136,ward,REG_SHAHDARA_NORTH,26828
REG_W137,DMC Ward No - 137,ward,REG_SHAHDARA_NORTH,13942
REG_W138,DMC Ward No - 138,ward,REG_SHAHDARA_NORTH,66582
REG_W139,DMC Ward No - 139,ward,REG_SHAHDARA_NORTH,36947
REG_W141,DMC Ward No - 141,ward,REG_SHAHDARA_NORTH,17344
REG_W142,DMC Ward No - 142,ward,REG_SHAHDARA_NORTH,64506
REG_W143,DMC Ward No - 143,ward,REG_SHAHDARA_NORTH,9579
REG_W144,DMC Ward No - 144,ward,REG_SHAHDARA_NORTH,140
REG_W145,DMC Ward No - 145,ward,REG_SHAHDARA_NORTH,49331
REG_W146,DMC Ward No - 146,ward,REG_SHAHDARA_NORTH,52171
REG_W147,DMC Ward No - 147,ward,REG_SHAHDARA_NORTH,83031
REG_W148,DMC Ward No - 148,ward,REG_SHAHDARA_NORTH,64186
REG_W149,DMC Ward No - 149,ward,REG_SHAHDARA_NORTH,50290
REG_W150,DMC Ward No - 150,ward,REG_SHAHDARA_NORTH,30004
REG_W151,DMC Ward No - 151,ward,REG_SHAHDARA_NORTH,48836
REG_W152,DMC Ward No - 152,ward,REG_SHAHDARA_NORTH,51921
REG_W153,DMC Ward No - 153,ward,REG_SHAHDARA_NORTH,12341
REG_W154,DMC Ward No - 154,ward,REG_SHAHDARA_NORTH,29450
REG_W155,DMC Ward No - 155,ward,REG_SHAHDARA_NORTH,41421
REG_W156,DMC Ward No - 156,ward,REG_SHAHDARA_NORTH,46724
REG_W157,DMC Ward No - 157,ward,REG_SHAHDARA_NORTH,40384
REG_W158,DMC Ward No - 158,ward,REG_SHAHDARA_NORTH,47706
REG_W159,DMC Ward No - 159,ward,REG_SHAHDARA_NORTH,46561
REG_W160,DMC Ward No - 160,ward,REG_SHAHDARA_NORTH,37467
REG_W161,DMC Ward No - 161,ward,REG_SHAHDARA_NORTH,35888
REG_W162,DMC Ward No - 162,ward,REG_SHAHDARA_NORTH,37426
REG_W163,DMC Ward No - 163,ward,REG_SHAHDARA_NORTH,12864
REG_W164,DMC Ward No - 164,ward,REG_SHAHDARA_NORTH,27377
REG_W165,DMC Ward No - 165,ward,REG_SHAHDARA_NORTH,20147
REG_W166,DMC Ward No - 166,ward,REG_SHAHDARA_NORTH,42344
REG_W167,DMC Ward No - 167,ward,REG_SHAHDARA_NORTH,45640
REG_W168,DMC Ward No - 168,ward,REG_SHAHDARA_NORTH,45217
REG_W169,DMC Ward No - 169,ward,REG_SHAHDARA_NORTH,35627
REG_W170,DMC Ward No - 170,ward,REG_SHAHDARA_NORTH,59348
REG_W171,DMC Ward No - 171,ward,REG_SHAHDARA_NORTH,35354
REG_W172,DMC Ward No - 172,ward,REG_SHAHDARA_NORTH,34761
REG_W179,DMC Ward No - 179,ward,REG_SHAHDARA_NORTH,16733
REG_W180,DMC Ward No - 180,ward,REG_SHAHDARA_NORTH,56234
REG_W181,DMC Ward No - 181,ward,REG_SHAHDARA_NORTH,61066
REG_W182,DMC Ward No - 182,ward,REG_SHAHDARA_NORTH,45365
REG_W183,DMC Ward No - 183,ward,REG_SHAHDARA_NORTH,49123
REG_W184,DMC Ward No - 184,ward,REG_SHAHDARA_NORTH,43613
REG_W185,DMC Ward No - 185,ward,REG_SHAHDARA_NORTH,44896
REG_W186,DMC Ward No - 186,ward,REG_SHAHDARA_NORTH,52705
REG_W187,DMC Ward No - 187,ward,REG_SHAHDARA_NORTH,53377
REG_W188,DMC Ward No - 188,ward,REG_SHAHDARA_NORTH,2556
REG_W189,DMC Ward No - 189,ward,REG_SHAHDARA_NORTH,34169
REG_W190,DMC Ward No - 190,ward,REG_SHAHDARA_NORTH,30446
REG_W191,DMC Ward No - 191,ward,REG_SHAHDARA_NORTH,61669
REG_W192,DMC Ward No - 192,ward,REG_SHAHDARA_NORTH,13289
REG_W193,DMC Ward No - 193,ward,REG_SHAHDARA_NORTH,47010
REG_W194,DMC Ward No - 194,ward,REG_SHAHDARA_NORTH,21704
REG_W195,DMC Ward No - 195,ward,REG_SHAHDARA_NORTH,53579
REG_W196,DMC Ward No - 196,ward,REG_SHAHDARA_NORTH,49746
REG_W197,DMC Ward No - 197,ward,REG_SHAHDARA_NORTH,43643
REG_W199,DMC Ward No - 199,ward,REG_SHAHDARA_NORTH,42508
REG_W200,DMC Ward No - 200,ward,REG_SHAHDARA_NORTH,43609
REG_W203,DMC Ward No - 203,ward,REG_SHAHDARA_NORTH,47129
REG_W205,DMC Ward No - 205,ward,REG_SHAHDARA_NORTH,74750
REG_W206,DMC Ward No - 206,ward,REG_SHAHDARA_NORTH,86392
REG_W207,DMC Ward No - 207,ward,REG_SHAHDARA_NORTH,77258
REG_W208,DMC Ward No - 208,ward,REG_SHAHDARA_NORTH,19918
REG_W209,DMC Ward No - 209,ward,REG_SHAHDARA_NORTH,38587
REG_W213,DMC Ward No - 213,ward,REG_SHAHDARA_NORTH,48771
REG_W214,DMC Ward No - 214,ward,REG_SHAHDARA_NORTH,7167
REG_W217,DMC Ward No - 217,ward,REG_SHAHDARA_NORTH,58964
REG_W218,DMC Ward No - 218,ward,REG_SHAHDARA_NORTH,49753
REG_W219,DMC Ward No - 219,ward,REG_SHAHDARA_NORTH,66322
REG_W220,DMC Ward No - 220,ward,REG_SHAHDARA_NORTH,9143
REG_W221,DMC Ward No - 221,ward,REG_SHAHDARA_NORTH,61165
REG_W222,DMC Ward No - 222,ward,REG_SHAHDARA_NORTH,42499
REG_W223,DMC Ward No - 223,ward,REG_SHAHDARA_NORTH,80196
REG_W224,DMC Ward No - 224,ward,REG_SHAHDARA_NORTH,52854
REG_W225,DMC Ward No - 225,ward,REG_SHAHDARA_NORTH,54339
REG_W226,DMC Ward No - 226,ward,REG_SHAHDARA_NORTH,52133
REG_W227,DMC Ward No - 227,ward,REG_SHAHDARA_NORTH,61930
REG_W228,DMC Ward No - 228,ward,REG_SHAHDARA_NORTH,8856
REG_W229,DMC Ward No - 229,ward,REG_SHAHDARA_NORTH,59503
REG_W230,DMC Ward No - 230,ward,REG_SHAHDARA_NORTH,65237
REG_W231,DMC Ward No - 231,ward,REG_SHAHDARA_NORTH,47538
REG_W232,DMC Ward No - 232,ward,REG_SHAHDARA_NORTH,59500
REG_W233,DMC Ward No - 233,ward,REG_SHAHDARA_NORTH,19427
REG_W234,DMC Ward No - 234,ward,REG_SHAHDARA_NORTH,41179
REG_W235,DMC Ward No - 235,ward,REG_SHAHDARA_NORTH,62376
REG_W236,DMC Ward No - 236,ward,REG_SHAHDARA_NORTH,39404
REG_W237,DMC Ward No - 237,ward,REG_SHAHDARA_NORTH,54093
REG_W238,DMC Ward No - 238,ward,REG_SHAHDARA_NORTH,58291
REG_W239,DMC Ward No - 239,ward,REG_SHAHDARA_NORTH,20194
REG_W240,DMC Ward No - 240,ward,REG_SHAHDARA_NORTH,55045
REG_W241,DMC Ward No - 241,ward,REG_SHAHDARA_NORTH,50557
REG_W242,DMC Ward No - 242,ward,REG_SHAHDARA_NORTH,61730
REG_W243,DMC Ward No - 243,ward,REG_SHAHDARA_NORTH,10713
REG_W244,DMC Ward No - 244,ward,REG_SHAHDARA_NORTH,68639
REG_W245,DMC Ward No - 245,ward,REG_SHAHDARA_NORTH,39582
REG_W246,DMC Ward No - 246,ward,REG_SHAHDARA_NORTH,50424
REG_W247,DMC Ward No - 247,ward,REG_SHAHDARA_NORTH,59448
REG_W248,DMC Ward No - 248,ward,REG_SHAHDARA_NORTH,59802
REG_W249,DMC Ward No - 249,ward,REG_SHAHDARA_NORTH,29435
REG_W250,DMC Ward No - 250,ward,REG_SHAHDARA_NORTH,39820
REG_W251,DMC Ward No - 251,ward,REG_SHAHDARA_NORTH,58009
REG_W252,DMC Ward No - 252,ward,REG_SHAHDARA_NORTH,65412
REG_W253,DMC Ward No - 253,ward,REG_SHAHDARA_NORTH,54676
REG_W254,DMC Ward No - 254,ward,REG_SHAHDARA_NORTH,64804
REG_W255,DMC Ward No - 255,ward,REG_SHAHDARA_NORTH,59681
REG_W256,DMC Ward No - 256,ward,REG_SHAHDARA_NORTH,39740
REG_W257,DMC Ward No - 257,ward,REG_SHAHDARA_NORTH,56775
REG_W258,DMC Ward No - 258,ward,REG_SHAHDARA_NORTH,30094
REG_W259,DMC Ward No - 259,ward,REG_SHAHDARA_NORTH,45600
REG_W260,DMC Ward No - 260,ward,REG_SHAHDARA_NORTH,18680
REG_W263,DMC Ward No - 263,ward,REG_SHAHDARA_NORTH,53707
REG_W264,DMC Ward No - 264,ward,REG_SHAHDARA_NORTH,35244
REG_W216,Ward 216 (Shahdara North),ward,REG_SHAHDARA_NORTH,
REG_W45_GALI7,Gali No. 7,street,REG_W45,
REG_W45_GALI12,Gali No. 12,street,REG_W45,
REG_W45_GALI3,Gali No. 3,street,REG_W45,
REG_W45_MARKET_ROAD,Shahdara Market Road,street,REG_W45,
REG_W45_BLOCKA,Block A Residential Pocket,street,REG_W45,
REG_W45_COLONY_Y,Colony Y Housing Cluster,street,REG_W45,
