State Code,State Name,District Code,District Name,Sub District Code,Sub District Name,Town Code,Town Name,Total   Households ,Total Population of Town,Total Male Population of Town,Total Female Population of Town,Total Scheduled Castes Population of Town,Total Scheduled Castes  Male Population of Town,Total Scheduled Castes  Female Population of Town,Total Scheduled Tribes Population of Town,Total Scheduled Tribes  Male Population of Town,Total Scheduled Tribes  Female Population of Town,Reference Year,Class,Civic Status of Town,Name of Taluk/Tahsil/Police Station/Islands etc.,Name of CD Block,Area (sq. km.),Number of Households including Houseless Households (2011 Census),Scheduled Castes Population (2011 Census),Scheduled Tribes Population (2011 Census),Town Population (Census 1901),Growth Rate Town (Census 1901),Town Population (Census 1911),Growth Rate Town (Census 1911),Town Population (Census 1921),Growth Rate Town (Census 1921),Town Population (Census 1931),Growth Rate Town (Census 1931),Town Population (Census 1941),Growth Rate Town (Census 1941),Town Population (Census 1951),Growth Rate Town (Census 1951),Town Population (Census 1961),Growth Rate Town (Census 1961),Town Population (Census 1971),Growth Rate Town (Census 1971),Town Population (Census 1981),Growth Rate Town (Census 1981),Town Population (Census 1991),Growth Rate Town (Census 1991),Town Population (Census 2001),Growth Rate Town (Census 2001),Town Population (Census 2011),Growth Rate Town (Census 2011),Density (Census 2011),Sex Ratio (Census 1991),Sex Ratio (Census 2001),Sex Ratio (Census 2011),Rainfall (mm.),Maximum Temperature (in centigrade),Minimum Temperature (in centigrade),State H.Q. Name,State H.Q. Road Distance (in kms.),District H.Q. Name,District H.Q. Road Distance (in kms.),Subdivision/Taluk/Tahsil/Police Station/ Development Block/Island H.Q. Name,Sub-division/Taluk/Tahsil/Police Station/ Development Block/Island H.Q.Road Distance (in kms.),Nearest Ciity Name with Population of 1 Lakh and more,Nearest Ciity with Population of 1 Lakh and more Road Distance (in kms.) ,Nearest Ciity Name with Population of 5 Lakh and more,Nearest Ciity with Population of 5 Lakh and more Road Distance (in kms.) ,Railway Station Name,Railway Station Road Distance (in kms),Bus Route Name,Bus Route Road Distance (in kms.),Pucca Road Length (in kms.),Kutcha Road Length (in kms.),Drainage System (Open-1/Closed-2/Both-3/No-4 ?),Latrines-Pit (Numbers),Latrines-Flush/Pour Flush (Numbers),Latrines-Service (Numbers),Latrines-Others (Numbers),Protected Water Supply Source-1,System of Storage Source-1,Capacity Source-1  (in kilo-litres),Protected Water Supply Source-2,System of Storage Source-2,Capacity Source-2 (in kilo-litres),Protected Water Supply Source-3,System of Storage Source-3,Capacity Source-3 (in kilo-litres),Protected Water Supply Source-4,System of Storage Source-4,Capacity Source-4 (in kilo-litres),Protected Water Supply Source-5,System of Storage Source-5,Capacity Source-5 (in kilo-litres),Fire Fighting Service (Status A(1)/NA(2)),If Staus -2 Nearest Fire Fighting Service Location,If Staus -2 Nearest Fire Fighting Service Location Distance (Kms),Electricity-Domestic Connection (Numbers),Electricity-Industrial Connection (Numbers),Electricity-Commercial Connection (Numbers) ,Electricity-Road Lighting Connection (Numbers),Electricity-Others Connection (Numbers) ,Hospital Allopathic (Numbers),Hospital Allopathic Beds (Numbers),Hospital Allopathic Doctors-Total Strength (Numbers),Hospital Allopathic Doctors-In Position (Numbers),Hospital Allopathic Para Medical Staff-Total Strength (Numbers),Hospital Allopathic Para Medical Staff-In Postion (Numbers),Hospital Allopathic Nearest facility Distance (in Kms.),Hospital Alternative Medicine (Numbers),Hospital Alternative Medicine Beds (Numbers),Hospital Alternative Medicine Doctors-Total Strength (Numbers) ,Hospital Alternative Medicine Doctors-In Position (Numbers),Hospital Alternative Medicine Para Medical Staff-Total Strength (Numbers),Hospital Alternative Medicine Para Medical Staff-In Position (Numbers),Hospital Alternative Medicine Nearest facility Distance(in kms.),Dispensary/Health Centre (Numbers),Dispensary/Health Centre Beds (Numbers),Dispensary/Health Centre Doctors-Total Strength (Numbers),Dispensary/Health Centre Doctors-In Position (Numbers),Dispensary/Health Centre Para Medical Staff-Total Strength (Numbers),Dispensary/Health Centre Para Medical Staff-In Position (Numbers),Dispensary/Health Centre Nearest facility Distance (in Kms.),Family Welfare Centre (Numbers),Family Welfare Centre Beds (Numbers),Family Welfare Centre Doctors-Total Strength (Numbers),Family Welfare Centre Doctors-In Position (Numbers),Family Welfare Centre Doctors Para Medical Staff-Total Strength (Numbers),Family Welfare Centre Para Medical Staff-In Position (Numbers),Family Welfare Centre Nearest facility Distance (in kms.),Maternity and Child Welfare Centre (Numbers),Maternity and Child Welfare Centre Beds (Numbers),Maternity and Child Welfare Centre Doctors-Total Strength (Numbers),Maternity and Child Welfare Centre Doctors-In Position (Numbers),Maternity and Child Welfare Centre Para Medical Staff-Total Strength (Numbers),Maternity and Child Welfare Centre Para Medical Staff-In Position (Numbers),"Maternity and Child Welfare Centre Nearest facility Distance (in Kms.)
",Maternity Home (Numbers),Maternity Home Beds (Numbers),Maternity Home Doctors-Total Strength (Numbers),Maternity Home Doctors-In Position (Numbers),Maternity Home Para Medical Staff-Total Strength (Numbers),Maternity Home Para Medical Staff-In position (Numbers),Maternity Home Nearest facility Distance (in kms.),T.B. Hospital/ Clinic (Numbers),T.B. Hospital/ Clinic Beds (Numbers),T.B. Hospital/ Clinic Doctors-Total Strength (Numbers),T.B. Hospital/ Clinic Doctors-In Position (Numbers),T.B. Hospital/Clinic Para Medical Staff-Total Strength (Numbers),T.B. Hospital/Clinic Para Medical Staff-In position (Numbers),T.B. Hospital/ Clinic Nearest facility Distance (in kms.),Nursing Home (Numbers) ,Nursing Home Beds (Numbers),Nursing Home Doctors-Total Strength (Numbers),Nursing Home Doctor-In Postion (Numbers),Nursing Home Para Medical Staff-Total Strength (Numbers),Nursing Home Para Medical Staff-In Position (Numbers),Nursing Home Nearest facility Distance (in kms.),Veterinary Hospital (Numbers),Veterinary Hospital Beds (Numbers),Veterinary Hospital Doctors-Total Strength (Numbers),Veterinary Hospital Doctors-In Position (Numbers),Veterinary Hospital Para Medical Staff-Total Strength (Numbers),Veterinary Hospital Para Medical Staff-In Position (Numbers),Veterinary Hospital Nearest facility Distance (in kms.),Mobile Health Clinic (Numbers),Mobile Health Clinic Beds (Numbers),Mobile Health Clinic Doctors-Total Strength (Numbers),Mobile Health Clinic Doctors-In Postion (Numbers),Mobile Health Clinic Para Medical Staff-Total Strength (Numbers),Mobile Health Clinic Para Medical Staff-In poistion (Numbers),Mobile Health Clinic Nearest facility Distance (in kms.),Others (Numbers),Others Beds (Numbes),Others Doctors-Total Strength (Numbers),Others Doctors-In Position (Numbers),Others Para Medical Staff-Total Strength (Numbers),Others Para Medical Staff-In Position (Numbers),Others Nearest facility Distance (in kms.),Non-Government Out-Patient (Numbers),Non-Government In and Out Patient (Numbers),Non-Government Charitable-Hospital/Nursing Home (Numbers),Non-Government Medicine Shop (Numbers),Govt. Primary School (Status A(1)/NA(2)),Govt. Primary School (Numbers),Private Primary School (Status A(1)/NA(2)),Private Primary School (Numbers),Nearest Facility Status (Govt(1)/Private(2)) ,Nearest Village/Town Name,Nearest Village/Town Distance  (in kms.),Govt. Middle School (Status A(1)/NA(2)),Govt. Middle School (Numbers),Private Middle School (Status A(1)/NA(2)),Private Middle School (Numbers),Nearest Facility Status (Govt(1)/Private(2)),Nearest Village/Town Name,Nearest Village/Town Distance (in kms.),Govt. Secondary School (Status A(1)/NA(2)),Govt. Secondary School (Numbers),Private Secondary School (Status A(1)/NA(2)),Private Secondary School (Numbers),Nearest Facility Status (Govt(1)/Private(2)),Nearest Village/Town Name,Nearest Village/Town Distance (in kms.),Govt. Senior Secondary School (Status A(1)/NA(2)),Govt. Senior Secondary School (Numbers),Private Senior Secondary School (Status A(1)/NA(2)),Private Senior Secondary School (Numbers) ,Nearest Facillty Status (Govt (1)/ Private (2)),Nearest Village/Town Name,Nearest Village/Town Distance (in kms.)
7,NCT OF DELHI,0,Towns are spread over in more than one district.,0,Towns are spread over in more than one sub-district.,800441,DMC (U) (M Corp.) ,2306675,11034555,5882117,5152438,1738853,919276,819577,0,0,0,2009,I,M.Corp.,NA,NA,561.3,2306675,1738853,0,214115,0,237944,11.13,304420,27.94,373789,22.79,578813,54.85,1119870,93.48,2061758,84.11,3287883,59.5,4884234,48.6,7206704,47.6,9879172,37.1,11034555,11.7,19660,834,825,876,617,40.9,8.9,DELHI SECRETARIATE,4,NA,NA,NA,10,NDMC,0,DMC(U),0,OLD DELHI RAILWAY STATION,0,DMC (U) (M Corp.) ,0,29939,0,3,37278,1894297,0,46435,TT,BWP/RIG,,OHT,OHT,,TW/B,BWP,,,,,,,,1,,,2025258,63531,442947,,56371,61,20835,,,4,,,13,884,,,,,,1129,,,,,,,47,,,,,,,219,440,,,,,,185,,,,,,,10,13,,,,,,480,7680,1950,1950,4500,4500,,45,0,150,140,300,300,,90,0,130,130,300,300,,,,,,,,,,,,,1,1464,1,1500,,,,1,591,1,1049,,,,1,568,1,777,,,,1,569,1,456,,,
7,NCT OF DELHI,0,Towns are spread over in more than one district.,0,Towns are spread over in more than one sub-district.,800442,N.D.M.C. (M Cl),59500,257803,140234,117569,49607,26545,23062,0,0,0,2009,I,M.Cl.,NA,NA,42.7,59500,49607,0,0,0,0,0,0,0,73653,0,93733,27.26,276314,194.79,261545,-5.35,301801,15.4,273036,-9.5,301297,10.4,302363,0.4,257803,-14.7,6032,811,825,838,617,40.9,8.9,DELHI SECRETARIATE,10,NA,NA,NA,10,DMC(U),10,DMC(U),10,NEW DELHI,2,N.D.M.C. (M Cl),0,1290,0,2,0,55000,0,,TT,SR,50000,TW/B,BWP,,,,,,,,,,,1,,,45654,10,23524,17505,0,7,150,41,3,200,170,,1,50,0,0,0,0,,13,0,26,24,69,41,,28,,,,,,,8,,8,8,44,44,,1,50,19,18,94,73,,1,30,8,8,24,24,,4,60,15,15,60,60,,1,0,6,4,12,9,,0,0,0,0,0,0,0,25,0,29,29,45,37,,21,8,3,85,1,74,1,41,,,,1,54,1,34,,,,1,44,1,34,,,,1,44,1,34,,,
7,NCT OF DELHI,90,NORTH WEST,430,NARELA,63905,Bankner (CT),2683,14788,8042,6746,4100,2196,1904,0,0,0,2009,IV,CT,NARELA,NORTH WEST,6.8,2683,4100,0,0,0,0,0,0,0,0,0,0,0,0,0,3086,0,4250,37.7,7773,82.9,10152,30.6,21089,107.7,14788,-29.9,2175,814,818,839,617,40.9,8.9,DELHI SECRETARIATE,32,KANJHAWALA,14,NARELA,17,DMC(U),2,DMC(U),2,NARELA,2,Bankner,0,6,0,1,0,2500,0,0,TT,BWP,,TW/B,BWP,,,,,,,,,,,2,DMC (U),1,3000,100,50,220,0,0,0,0,0,0,0,2,0,0,0,0,0,0,4,2,0,2,4,4,2,,0,0,0,0,0,0,3,0,0,0,0,0,0,4,0,0,0,0,0,0,3,0,0,0,0,0,0,2,0,0,0,0,0,0,2,1,0,3,3,6,6,,0,0,0,0,0,0,3,0,0,0,0,0,0,4,3,0,0,5,1,3,1,2,,,,1,2,1,2,,,,1,2,1,2,,,,1,2,2,0,,,
7,NCT OF DELHI,90,NORTH WEST,430,NARELA,63906,Bhor Garh (CT),1765,8627,4815,3812,1236,669,567,0,0,0,2009,V,CT,NARELA,NORTH WEST,3.9,1765,1236,0,0,0,0,0,0,0,0,0,0,0,0,0,907,0,1254,38.3,1796,43.2,3174,76.7,5562,75.2,8627,55.1,2201,780,623,792,617,40.9,8.9,DELHI SECRETARIATE,24,KANJHAWALA,14,NARELA,12,DMC(U),2,DMC(U),2,NARELA,2,Bhor Garh ,0,2,0,1,0,1700,0,0,TT,BWP,,TW/B,BWP,,,,,,,,,,,2,DMC (U),3,2000,800,0,50,0,0,0,0,0,0,0,3,0,0,0,0,0,0,3,1,0,1,1,2,2,,0,0,0,0,0,0,3,0,0,0,0,0,0,3,0,0,0,0,0,0,3,0,0,0,0,0,0,3,0,0,0,0,0,0,3,0,0,0,0,0,0,3,0,0,0,0,0,0,3,0,0,0,0,0,0,4,2,0,0,3,1,1,1,2,,,,1,1,1,1,,,,1,1,1,1,,,,1,1,2,0,,,
7,NCT OF DELHI,90,NORTH WEST,430,NARELA,63907,Tikri Khurd (CT),2768,13772,7635,6137,1236,669,567,0,0,0,2009,IV,CT,NARELA,NORTH WEST,3.9,2768,4067,0,0,0,0,0,0,0,0,0,0,0,0,0,906,0,1055,16.4,1526,44.6,3132,105.2,8637,175.8,13772,59.5,3513,768,826,804,617,40.9,8.9,DELHI SECRETARIATE,24,KANJHAWALA,13,NARELA,0,DMC(U),3,DMC(U),3,NARELA,0,Tikri Khurd ,0,4,0,1,0,1700,0,0,TT,OHT,,TW/B,BWP,,,,,,,,,,,2,DMC (U),2,2500,200,0,100,0,0,0,0,0,0,0,3,0,0,0,0,0,0,3,1,0,1,1,3,3,,0,0,0,0,0,0,3,0,0,0,0,0,0,3,0,0,0,0,0,0,3,0,0,0,0,0,0,3,0,0,0,0,0,0,3,0,0,0,0,0,0,3,0,0,0,0,0,0,3,0,0,0,0,0,0,5,2,0,0,2,1,1,1,1,,,,1,1,2,0,,,,1,1,2,0,,,,1,1,2,0,,,
7,NCT OF DELHI,90,NORTH WEST,430,NARELA,63908,Bakhtawar Pur (CT),2408,12716,6796,5920,1236,669,567,0,0,0,2009,IV,CT,NARELA,NORTH WEST,3.9,2408,2436,0,0,0,0,0,0,0,0,0,0,0,0,0,2515,0,3980,58.3,4806,20.8,6451,34.2,9731,50.8,12716,30.7,3244,870,837,871,617,40.9,8.9,DELHI SECRETARIATE,22,KANJHAWALA,12,NARELA,3,DMC(U),6,DMC(U),6,HOLAMBI KALAN,15,Bakhtawar Pur ,0,7,0,1,0,1800,0,0,TT,OHT,,TW/B,BWP,,,,,,,,,,,2,ALIPUR,5,2000,100,500,100,0,1,10,6,6,10,10,,0,0,0,0,0,0,5,1,0,1,1,3,1,,0,0,0,0,0,0,5,0,0,0,0,0,0,5,0,0,0,0,0,0,5,0,0,0,0,0,0,12,0,0,0,0,0,0,5,0,0,0,0,0,0,5,0,0,0,0,0,0,2,0,0,0,0,0,0,5,2,0,0,2,1,2,1,4,,,,1,2,1,1,,,,1,2,1,1,,,,1,1,2,0,,,
7,NCT OF DELHI,90,NORTH WEST,430,NARELA,63909,Bankauli (CT),1104,5339,2953,2386,827,439,388,0,0,0,2009,V,CT,NARELA,NORTH WEST,4.4,1104,827,0,0,0,0,0,0,0,0,0,0,0,0,0,827,0,1769,113.9,1058,-40.2,2689,154.2,4555,69.4,5339,17.2,1209,724,648,808,617,40.9,8.9,DELHI SECRETARIATE,21,KANJHAWALA,11,NARELA,3,DMC(U),8,DMC(U),8,HOLAMBI KALAN,10,Bankauli ,0,3,0,3,0,1000,0,0,TT,OHT,,TW/B,BWP,,,,,,,,,,,2,ALIPUR,3,1500,50,200,400,0,0,0,0,0,0,0,3,0,0,0,0,0,0,3,0,0,0,0,0,0,3,0,0,0,0,0,0,3,0,0,0,0,0,0,3,0,0,0,0,0,0,3,0,0,0,0,0,0,8,0,0,0,0,0,0,3,0,0,0,0,0,0,1.5,0,0,0,0,0,0,2,0,0,0,0,0,0,6,2,0,0,5,1,1,1,1,,,,2,0,2,0,1,ALIPUR,3,2,0,2,0,1,ALIPUR,3,2,0,2,0,1,ALIPUR,3
7,NCT OF DELHI,90,NORTH WEST,430,NARELA,63910,Ali Pur (CT),3984,20332,11217,9115,2867,1518,1349,0,0,0,2009,III,CT,NARELA,NORTH WEST,8.6,3984,2867,0,0,0,0,0,0,0,0,0,0,0,0,0,2853,0,4487,57.3,6735,50.1,9256,37.4,16631,79.7,20332,22.3,2364,753,713,813,617,40.9,8.9,DELHI SECRETARIATE,17,KANJHAWALA,17,NARELA,17,DMC(U),8,DMC(U),8,HOLAMBI KALAN,3,Ali Pur,0,5,0,1,0,3600,0,0,TT,OHT,,TW/B,BWP,,,,,,,,,,,2,BHORGARH,5,4000,200,250,100,40,1,20,8,8,12,12,,0,0,0,0,0,0,8,1,0,1,1,2,2,,1,10,2,2,8,8,,1,10,2,2,0,0,,1,10,4,4,12,12,,1,10,5,4,12,12,,2,10,4,4,12,12,,1,0,3,3,8,8,,1,0,1,1,2,2,,0,0,0,0,0,0,6,0,0,0,0,1,3,1,4,,,,1,2,1,1,,,,1,2,1,1,,,,1,2,1,1,,,
7,NCT OF DELHI,90,NORTH WEST,430,NARELA,63911,Mukhmel Pur (CT),910,4931,2649,2282,2128,1116,1012,0,0,0,2009,VI,CT,NARELA,NORTH WEST,2.6,910,2128,0,0,0,0,0,0,0,0,0,0,0,0,0,1412,0,2272,60.9,2953,30,3710,25.6,4736,27.7,4931,4.1,1900,845,812,861,617,40.9,8.9,DELHI SECRETARIATE,23,KANJHAWALA,12,NARELA,3,DMC(U),10,DMC(U),10,KHERA KALAN,6,Mukhmel Pur,0,4,0,3,0,850,0,0,TT,OHT,,TW/B,BWP,,,,,,,,,,,2,ALIPUR,3,1200,200,0,100,0,0,0,0,0,0,0,3,0,0,0,0,0,0,3,1,0,2,1,3,1,,0,0,0,0,0,0,3,0,0,0,0,0,0,3,0,0,0,0,0,0,3,0,0,0,0,0,0,12,0,0,0,0,0,0,3,0,0,0,0,0,0,3,0,0,0,0,0,0,3,0,0,0,0,0,0,8,0,0,0,1,1,2,2,0,,,,1,1,2,0,,,,1,1,2,0,,,,1,1,2,0,,,
7,NCT OF DELHI,90,NORTH WEST,430,NARELA,63912,Ibrahim Pur (CT),2044,10614,5708,4906,1615,863,752,0,0,0,2009,IV,CT,NARELA,NORTH WEST,3,2044,1615,0,0,0,0,0,0,0,0,0,0,0,0,0,206,0,353,71.4,504,42.8,2252,346.8,6542,190.5,10614,62.2,3586,815,800,859,617,40.9,8.9,DELHI SECRETARIATE,20,KANJHAWALA,12,NARELA,3,DMC(U),10,DMC(U),10,KHERA KALAN,6,Ibrahim Pur ,0,14,0,1,0,2000,0,0,TT,OHT,,TW/B,BWP,,,,,,,,,,,2,DMC (U),7,2000,50,50,50,0,0,0,0,0,0,0,6,0,0,0,0,0,0,6,0,0,0,0,0,0,6,0,0,0,0,0,0,6,0,0,0,0,0,0,6,0,0,0,0,0,0,6,0,0,0,0,0,0,6,0,0,0,0,0,0,6,0,0,0,0,0,0,6,0,0,0,0,0,0,6,0,0,0,0,0,0,6,0,0,0,1,1,1,2,0,,,,2,0,2,0,1,QADIPUR,1,2,0,2,0,1,QADIPUR,1,2,0,2,0,1,QADIPUR,1
7,NCT OF DELHI,90,NORTH WEST,430,NARELA,63913,Qadi Pur (CT),3453,18369,9887,8482,2264,1218,1046,0,0,0,2009,IV,CT,NARELA,NORTH WEST,5.3,3453,2264,0,0,0,0,0,0,0,0,0,0,0,0,0,261,0,1031,295,1527,48.1,1312,-14.1,8286,531.6,18369,121.7,3466,812,795,858,617,40.9,8.9,DELHI SECRETARIATE,21,KANJHAWALA,12,NARELA,2,DMC(U),8,DMC(U),8,KHERA KALAN,5,Qadi Pur ,0,6,0,1,0,3500,0,0,TT,OHT,,TW/B,BWP,,,,,,,,,,,2,DMC (U),16,3500,30,20,80,0,0,0,0,0,0,0,4,0,0,0,0,0,0,4,0,0,0,0,0,0,4,0,0,0,0,0,0,4,0,0,0,0,0,0,4,0,0,0,0,0,0,4,0,0,0,0,0,0,4,0,0,0,0,0,0,4,1,0,4,4,8,8,,0,0,0,0,0,0,3,0,0,0,0,0,0,4,0,0,0,2,1,1,1,3,,,,1,1,1,3,,,,1,1,2,0,,,,1,1,2,0,,,
7,NCT OF DELHI,90,NORTH WEST,430,NARELA,63914,Libas Pur (CT),8799,44375,24059,20316,5062,2716,2346,0,0,0,2009,III,CT,NARELA,NORTH WEST,2.3,8799,5062,0,0,0,0,0,0,0,0,0,0,0,0,0,664,0,1089,64,2372,117.8,7313,208.3,27940,282.1,44375,58.8,19293,698,772,844,617,40.9,8.9,DELHI SECRETARIATE,12,KANJAHWALA,19,NARELA,3,DMC(U),5,DMC(U),5,KHERA KALAN,4,Libas Pur ,0,3,0,1,0,7500,0,0,TT,OHT,,TW/B,BWP,,,,,,,,,,,2,DMC (U),5,8000,1000,500,150,0,0,0,0,0,0,0,1,0,0,0,0,0,0,1,2,0,2,2,4,4,,0,0,0,0,0,0,1,0,0,0,0,0,0,1,0,0,0,0,0,0,1,0,0,0,0,0,0,1,1,10,4,4,13,12,,0,0,0,0,0,0,2,0,0,0,0,0,0,3,0,0,0,0,0,0,1,0,0,0,10,1,1,1,2,,,,1,1,1,2,,,,1,2,1,1,,,,1,1,2,0,,,
7,NCT OF DELHI,90,NORTH WEST,430,NARELA,63915,Siras Pur (CT),6051,30445,16708,13737,3369,1811,1558,0,0,0,2009,III,CT,NARELA,NORTH WEST,4.3,6051,3369,0,0,0,0,0,0,0,0,0,0,0,0,0,2259,0,2014,-10.8,3022,50,7441,146.2,15043,102.2,30445,102.4,7080,783,777,822,617,40.9,8.9,DELHI SECRETARIATE,15,KANJHAWALA,17,NARELA,3,DMC(U),5,DMC(U),5,KHERA KALAN,3,Siras Pur ,0,8,0,1,0,6000,0,0,TT,OHT,,TW/B,BWP,,,,,,,,,,,2,DMC (U),5,6000,1500,500,1000,0,0,0,0,0,0,0,1,0,0,0,0,0,0,1,1,0,1,1,2,2,,0,0,0,0,0,0,1,0,0,0,0,0,0,1,0,0,0,0,0,0,1,0,0,0,0,0,0,1,0,0,0,0,0,0,1,0,0,0,0,0,0,2,0,0,0,0,0,0,1,0,0,0,0,0,0,1,0,0,0,5,1,2,1,3,,,,1,1,1,2,,,,1,1,1,2,,,,1,1,2,0,,,
7,NCT OF DELHI,90,NORTH WEST,430,NARELA,63916,Khera Kalan (CT),1539,8252,4397,3855,1807,932,875,0,0,0,2009,V,CT,NARELA,NORTH WEST,7.7,1539,1807,0,0,0,0,0,0,0,0,0,0,0,0,0,2957,0,3978,34.5,5490,38,4740,-13.7,6690,41.1,8252,23.3,1077,867,849,877,617,40.9,8.9,DELHI SECRETARIATE,23,KANJHAWALA,10,NARELA,3,DMC(U),6,DMC(U),6,KHERA KALAN,0,Khera Kalan ,0,6,0,1,0,1800,0,0,TT,OHT,,TW/B,BWP,,,,,,,,,,,2,ALIPUR,5,2000,200,200,100,0,0,0,0,0,0,0,5,0,0,0,0,0,0,5,1,0,1,1,3,1,,0,0,0,0,0,0,5,0,0,0,0,0,0,5,0,0,0,0,0,0,5,0,0,0,0,0,0,14,0,0,0,0,0,0,5,0,0,0,0,0,0,5,0,0,0,0,0,0,5,0,0,0,0,0,0,5,0,0,0,4,1,2,1,3,,,,1,2,1,3,,,,1,1,2,0,,,,1,2,2,0,,,
7,NCT OF DELHI,90,NORTH WEST,430,NARELA,63917,Sahibabad Daulat Pur (CT),11720,54773,30402,24371,18364,10199,8165,0,0,0,2009,II,CT,NARELA,NOTRH WEST,5.7,11720,18364,0,0,0,0,0,0,0,0,0,0,0,0,0,1723,0,2253,30.8,2980,32.3,27343,817.6,35980,31.6,54773,52.2,9609,681,769,802,617,40.9,8.9,DELHI SECRETARIATE,16,KANJAHWALA,8,NARELA,9,DMC(U),4,DMC(U),4,BADLI,3,Sahibabad Daulat Pur ,0,6,0,1,0,10000,0,0,TT,OHT,,TW/B,BWP,,,,,,,,,,,2,BAWANA,6,12000,500,100,200,0,0,0,0,0,0,0,10,0,0,0,0,0,0,10,1,0,1,1,2,2,,1,20,2,2,4,4,,2,20,8,8,20,18,,0,0,0,0,0,0,10,0,0,0,0,0,0,3,0,0,0,0,0,0,10,0,0,0,0,0,0,15,0,0,0,0,0,0,3,0,0,0,0,0,0,5,0,0,0,10,1,4,1,3,,,,1,4,2,0,,,,1,4,2,0,,,,1,2,2,0,,,
7,NCT OF DELHI,90,NORTH WEST,430,NARELA,63918,Pehlad Pur Bangar (CT),4628,22968,12612,10356,4313,2305,2008,0,0,0,2009,III,CT,NARELA,NORTH WEST,4.7,4628,4313,0,0,0,0,0,0,0,0,0,0,0,0,0,2015,0,3392,68.3,5011,47.7,4832,-3.6,10554,118.4,22968,117.6,4887,822,777,821,617,40.9,8.9,DELHI SECRETARIATE,17,KANJHAWALA,13,NARELA,11,DMC(U),5,DMC(U),5,BADLI,4,Pehlad Pur Bangar ,0,3,0,1,0,4200,0,0,TT,OHT,,TW/B,BWP,,,,,,,,,,,2,BAWANA,5,5000,1000,500,150,0,0,0,0,0,0,0,3,0,0,0,0,0,0,3,1,0,1,1,0,0,,0,0,0,0,0,0,3,0,0,0,0,0,0,3,0,0,0,0,0,0,3,0,0,0,0,0,0,3,0,0,0,0,0,0,3,0,0,0,0,0,0,14,0,0,0,0,0,0,6,0,0,0,0,0,0,3,0,0,0,4,1,2,1,6,,,,1,2,2,0,,,,1,2,2,0,,,,1,2,2,0,,,
7,NCT OF DELHI,90,NORTH WEST,430,NARELA,63919,Khera Khurd (CT),1753,9777,5177,4600,2965,1580,1385,0,0,0,2009,V,CT,NARELA,NORTH WEST,8.8,1753,2965,0,0,0,0,0,0,0,0,0,0,0,0,0,3102,0,4185,34.9,5382,28.6,7182,33.4,8817,22.8,9777,10.9,1111,797,794,889,617,40.9,8.9,DELHI SECRETARIATE,28,KANJHAWALA,8,NARELA,6,DMC(U),6,DMC(U),6,KHERA KALAN,0,Khera Khurd ,0,5,0,1,0,2000,0,0,TT,OHT,,TW/B,BWP,,,,,,,,,,,2,ALIPUR,5,2000,200,2000,100,0,0,0,0,0,0,0,5,0,0,0,0,0,0,5,2,0,2,2,3,1,,0,0,0,0,0,0,5,0,0,0,0,0,0,5,0,0,0,0,0,0,5,0,0,0,0,0,0,10,0,0,0,0,0,0,5,1,0,2,2,5,5,,0,0,0,0,0,0,7,0,0,0,0,0,0,5,0,0,0,5,1,1,1,3,,,,1,2,1,3,,,,1,2,2,0,,,,1,2,2,0,,,
7,NCT OF DELHI,90,NORTH WEST,430,NARELA,63920,Barwala (CT),1748,8948,4783,4165,2013,1060,953,0,0,0,2009,V,CT,NARELA,NORTH WEST,5.9,1748,2013,0,0,0,0,0,0,0,0,0,0,0,0,0,756,0,4119,444.8,4274,3.8,3863,-9.6,6462,67.3,8948,38.5,1516,811,830,871,617,40.9,8.9,DELHI SECRETARIATE,22,KANJHAWALA,6,NARELA,11,DMC(U),7,DMC(U),7,BADLI,5,Barwala,0,1,0,1,0,2000,0,0,TT,OHT,10000,TW/B,BWP,,,,,,,,,,,2,BAWANA,6,2000,10,20,200,0,0,0,0,0,0,0,3,1,6,3,3,5,5,,2,0,2,1,5,5,,0,0,0,0,0,0,3,0,0,0,0,0,0,3,0,0,0,0,0,0,3,1,10,4,4,12,12,,0,0,0,0,0,0,5,0,0,0,0,0,0,3,0,0,0,0,0,0,5,0,0,0,0,0,0,3,3,0,0,2,1,3,1,4,,,,1,1,1,3,,,,1,1,1,3,,,,1,1,2,0,,,
7,NCT OF DELHI,90,NORTH WEST,430,NARELA,63921,Pooth Khurd (CT),2030,10654,5741,4913,2204,1156,1048,0,0,0,2009,IV,CT,NARELA,NORTH WEST,10,2030,2204,0,0,0,0,0,0,0,0,0,0,0,0,0,3347,0,4285,28,7145,66.7,8293,16.1,8164,-1.6,10654,30.5,1065,830,834,856,617,40.9,8.9,DELHI SECRETARIATE,20,KANJHAWALA,12,NARELA,11,DMC(U),8,DMC(U),8,NARELA,10,Pooth Khurd ,0,5,0,1,0,2500,0,0,TT,OHT,,TW/B,BWP,,,,,,,,,,,2,BAWANA,4,2000,125,50,500,0,1,150,104,76,384,220,,0,0,0,0,0,0,4,0,0,0,0,0,0,6,0,0,0,0,0,0,6,0,0,0,0,0,0,6,0,0,0,0,0,0,4,0,0,0,0,0,0,11,0,0,0,0,0,0,4,1,0,2,2,4,4,,0,0,0,0,0,0,11,0,0,0,0,0,0,6,0,0,0,10,1,3,1,4,,,,1,1,1,3,,,,1,1,1,3,,,,1,1,2,0,,,
7,NCT OF DELHI,90,NORTH WEST,430,NARELA,63922,Bawana (CT),12961,73680,40258,33422,9813,5343,4470,0,0,0,2009,II,CT,NARELA,NORTH WEST,17,12961,9813,0,0,0,0,0,0,0,0,0,0,0,0,0,4338,0,8114,87,12637,55.7,18999,50.3,23094,21.6,73680,219,4334,842,782,830,617,40.9,8.9,DELHI SECRETARIATE,24,KANJHAWALA,7,NARELA,18,DMC(U),7,DMC(U),7,NARELA,6,Bawana ,0,10,0,3,0,12000,0,0,TT,OHT,30000,TW/B,BWP,,,,,,,,,,,1,,,13000,2500,200,500,0,1,10,4,4,24,20,,0,0,0,0,0,0,3,4,0,12,12,62,62,,1,10,2,2,23,23,,1,10,2,2,8,8,,1,10,4,4,12,12,,0,0,0,0,0,0,10,0,0,0,0,0,0,10,1,0,5,4,13,13,,0,0,0,0,0,0,10,0,0,0,0,0,0,3,10,10,2,17,1,4,1,7,,,,1,2,1,6,,,,1,2,1,3,,,,1,2,1,2,,,
7,NCT OF DELHI,90,NORTH WEST,430,NARELA,63923,Darya Pur Kalan (CT),1143,6310,3342,2968,1443,760,683,0,0,0,2009,V,CT,NARELA,NORTH WEST,8,1143,1443,0,0,0,0,0,0,0,0,0,0,0,0,0,2093,0,2840,35.7,3539,24.6,4616,30.4,5057,9.6,6310,24.8,794,817,851,888,617,40.9,8.9,DELHI SECRETARIATE,25,KANJAHWALA,5,NARELA,11,DMC(U),7,DMC(U),7,NARELA,6,Darya Pur Kalan ,0,10,0,1,0,1200,0,0,TT,OHT,,TW/B,BWP,,,,,,,,,,,2,BAWANA,3,1200,0,200,100,0,0,0,0,0,0,0,6,0,0,0,0,0,0,3,1,0,8,8,12,12,,0,0,0,0,0,0,6,0,0,0,0,0,0,6,0,0,0,0,0,0,6,0,0,0,0,0,0,12,0,0,0,0,0,0,3,1,0,2,2,4,4,,0,0,0,0,0,0,12,0,0,0,0,0,0,3,0,0,0,7,1,2,1,3,,,,1,1,2,0,,,,1,1,2,0,,,,1,1,2,0,,,
7,NCT OF DELHI,90,NORTH WEST,431,SARASWATI VIHAR,63936,Qutab Garh (CT),1369,7639,4094,3545,1628,865,763,0,0,0,2009,V,CT,SARASWATI VIHAR,NORTH WEST,5.7,1369,1628,0,0,0,0,0,0,0,0,0,0,0,0,0,1758,0,2363,34.4,3251,37.6,7734,137.9,6304,-18.5,7639,21.2,1351,781,810,866,617,40.9,8.9,DELHI SECRETARIATE,24,KANJHAWALA,6,SARASWATI VIHAR,6,DMC(U),15,DMC(U),15,GHEWRA,10,Qutab Garh ,0,10,0,3,0,1600,0,0,TT,BWP,,TW/B,BWP,,,,,,,,,,,2,BAWANA,12,1200,15,150,200,0,0,0,0,0,0,0,12,0,0,0,0,0,0,18,1,0,1,1,10,10,,0,0,0,0,0,0,12,1,8,3,3,8,8,,0,0,0,0,0,0,12,0,0,0,0,0,0,18,3,15,6,6,18,17,,1,0,2,2,5,5,,0,0,0,0,0,0,17,0,0,0,0,0,0,4,10,0,1,5,1,3,1,2,,,,1,1,1,1,,,,1,1,2,0,,,,1,1,2,0,,,
7,NCT OF DELHI,90,NORTH WEST,431,SARASWATI VIHAR,63937,Lad Pur (CT),991,5529,2971,2558,1170,623,547,0,0,0,2009,V,CT,SARASWATI VIHAR,NORTH WEST,6.7,991,1170,0,0,0,0,0,0,0,0,0,0,0,0,0,1836,0,2433,32.5,3463,42.3,4142,19.6,4601,11.1,5529,20.2,831,847,852,861,617,40.9,8.9,DELHI SECRETARIATE,18,KANJHAWALA,2,SARASWATI VIHAR,2,DMC(U),10,DMC(U),10,GHEWRA,6,Lad Pur ,0,8,0,3,0,1450,0,0,TT,OHT,,TW/B,BWP,,,,,,,,,,,2,BAWANA,8,1450,0,35,100,0,0,0,0,0,0,0,10,0,0,0,0,0,0,4,0,0,0,0,0,0,4,0,0,0,0,0,0,10,0,0,0,0,0,0,4,0,0,0,0,0,0,10,0,0,0,0,0,0,4,0,0,0,0,0,0,7,0,0,0,0,0,0,1,0,0,0,0,0,0,1,0,0,0,0,0,0,4,0,0,0,1,1,2,1,2,,,,1,1,1,1,,,,2,0,1,1,,,,2,0,1,1,,,
7,NCT OF DELHI,90,NORTH WEST,431,SARASWATI VIHAR,63938,Kanjhawala (CT),1991,10331,5529,4802,1509,812,697,0,0,0,2009,IV,CT,SARASWATI VIHAR,NOTRH WEST,8.9,1991,1509,0,0,0,0,0,0,0,0,0,0,0,0,0,2590,0,3750,44.8,5129,36.8,6100,18.9,8700,42.6,10331,18.7,1161,837,840,869,617,40.9,8.9,DELHI SECRETARIATE,35,KANJHAWALA,0,SARASWATI VIHAR,0,DMC(U),10,DMC(U),10,GHEWRA,5,Kanjhawala,0,9,0,3,0,2000,0,0,TT,OHT,,TW/B,BWP,,,,,,,,,,,2,BAWANA,8,2200,17,60,400,0,0,0,0,0,0,0,10,0,0,0,0,0,0,10,1,8,4,3,35,35,,0,0,0,0,0,0,10,0,0,0,0,0,0,10,0,0,0,0,0,0,10,0,0,0,0,0,0,15,0,0,0,0,0,0,10,1,0,2,2,4,4,,0,0,0,0,0,0,10,0,0,0,0,0,0,7,0,0,1,4,1,2,1,3,,,,1,2,1,1,,,,1,2,1,1,,,,1,2,2,0,,,
7,NCT OF DELHI,90,NORTH WEST,431,SARASWATI VIHAR,63939,Gheora (CT),1349,6876,3736,3140,1226,664,562,0,0,0,2009,V,CT,SARASWATI VIHAR,NORTH WEST,7.3,1349,1226,0,0,0,0,0,0,0,0,0,0,0,0,0,2002,0,3047,52.2,3293,8.1,4883,48.3,5917,21.2,6876,16.2,942,748,696,840,617,40.9,8.9,DELHI SECRETARIATE,35,KANJHAWALA,4,SARASWATI VIHAR,4,DMC(U),10,DMC(U),10,GHEWRA,0,Gheora ,0,10,0,3,0,1800,0,0,TT,OHT,,TW/B,BWP,,,,,,,,,,,2,DMC (U),7,1500,10,20,100,0,0,0,0,0,0,0,12,0,0,0,0,0,0,10,0,0,0,0,0,0,2,0,0,0,0,0,0,12,0,0,0,0,0,0,2,0,0,0,0,0,0,12,0,0,0,0,0,0,2,0,0,0,0,0,0,12,1,0,2,2,4,4,,0,0,0,0,0,0,2,0,0,0,0,0,0,5,0,0,0,4,1,3,1,1,,,,1,1,1,3,,,,1,2,1,1,,,,1,1,2,0,,,
7,NCT OF DELHI,90,NORTH WEST,431,SARASWATI VIHAR,63940,Rani Khera (CT),3023,16402,8889,7513,2030,1112,918,0,0,0,2009,IV,CT,SARASWATI VIHAR,NORTH WEST,3.2,3023,2030,0,0,0,0,0,0,0,0,0,0,0,0,0,1339,0,1777,32.7,2308,29.9,3445,49.3,4059,17.8,16402,304.1,5191,810,841,845,617,40.9,8.9,DELHI SECRETARIATE,16,KANJHAWALA,3,SARASWATI VIHAR,3,DMC(U),8,DMC(U),8,GHEWRA,3,Rani Khera ,0,10,0,3,0,3000,0,0,TT,OHT,,TW/B,BWP,,,,,,,,,,,2,DMC (U),8,3000,0,50,150,0,0,0,0,0,0,0,8,0,0,0,0,0,0,8,1,0,1,1,8,7,,0,0,0,0,0,0,8,0,0,0,0,0,0,8,0,0,0,0,0,0,3,0,0,0,0,0,0,20,0,0,0,0,0,0,3,0,0,0,0,0,0,5,0,0,0,0,0,0,6,0,0,0,0,0,0,5,0,0,0,2,1,3,1,1,,,,1,1,1,1,,,,1,1,1,1,,,,1,1,2,0,,,
7,NCT OF DELHI,90,NORTH WEST,431,SARASWATI VIHAR,63941,Mubarak Pur Dabas (CT),2228,12043,6441,5602,2162,1147,1015,0,0,0,2009,IV,CT,SARASWATI VIHAR,NORTH WEST,2.4,2228,2162,0,0,0,0,0,0,0,0,0,0,0,0,0,1029,0,1448,40.7,1784,23.2,2361,32.3,11296,378.4,12043,6.6,5125,929,842,870,617,40.9,8.9,DELHI SECRETARIATE,20,KANJHAWALA,2,SARASWATIV VIHAR,2,DMC(U),8,DMC(U),8,NANGLOI,6,Mubarak Pur Dabas ,0,5,0,3,0,1800,0,0,TT,OHT,,TW/B,BWP,,,,,,,,,,,2,DMC (U),8,2300,5,11,1200,0,0,0,0,0,0,0,7,0,0,0,0,0,0,8,0,0,0,0,0,0,8,0,0,0,0,0,0,4,0,0,0,0,0,0,4,0,0,0,0,0,0,8,0,0,0,0,0,0,22,0,0,0,0,0,0,8,0,0,0,0,0,0,2,0,0,0,0,0,0,8,0,0,0,0,0,0,3,0,0,0,5,1,2,1,6,,,,1,1,1,1,,,,1,2,1,1,,,,2,0,1,1,,,
7,NCT OF DELHI,90,NORTH WEST,431,SARASWATI VIHAR,63942,Kirari Suleman Nagar (CT),53072,283211,152348,130863,50712,27024,23688,0,0,0,2009,I,CT,SARASWATI VIHAR,NORTH WEST,4.7,53072,50712,0,0,0,0,0,0,0,0,0,0,0,0,0,857,0,1066,24.4,1690,58.5,33421,1877.6,154633,362.7,283211,83.2,60258,797,811,859,617,40.9,8.9,DELHI SECRETARIATE,35,KANJHAWALA,10,SARASWATI VIHAR,10,DMC(U),5,DMC(U),5,NANGLOI,7,Kirari Suleman Nagar ,0,7,0,3,0,50000,0,0,TT,OHT,,TW/B,BWP,,,,,,,,,,,2,DMC (U),2,50000,500,100,1000,0,0,0,0,0,0,0,2,0,0,0,0,0,0,2,1,0,1,1,8,8,,0,0,0,0,0,0,2,0,0,0,0,0,0,2,0,0,0,0,0,0,2,0,0,0,0,0,0,2,4,20,10,10,20,20,,0,0,0,0,0,0,2,0,0,0,0,0,0,2,0,0,0,0,0,0,4,0,0,2,10,1,2,1,10,,,,2,0,1,10,,,,2,0,1,10,,,,2,0,1,10,,,
7,NCT OF DELHI,90,NORTH WEST,431,SARASWATI VIHAR,63943,Nithari (CT),9460,50464,27213,23251,4893,2591,2302,0,0,0,2009,II,CT,SARASWATI VIHAR,NORTH WEST,2.3,9460,4893,0,0,0,0,0,0,0,0,0,0,0,0,0,442,0,545,23.3,873,60.2,1172,34.2,35025,2888.5,50464,44.1,22037,831,812,854,617,40.9,8.9,DELHI SECRETARIATE,19,KANJHAWALA,3,SARASWATIVIHAR,3,DMC(U),6,DMC(U),6,MUNDAKA,3,Nithari,0,6,0,3,0,9000,0,0,TT,OHT,,TW/B,BWP,,,,,,,,,,,2,DMC (U),6,9000,60,50,1200,0,0,0,0,0,0,0,5,0,0,0,0,0,0,6,1,0,1,1,4,4,,0,0,0,0,0,0,3,0,0,0,0,0,0,3,0,0,0,0,0,0,6,0,0,0,0,0,0,23,0,0,0,0,0,0,6,0,0,0,0,0,0,3,0,0,0,0,0,0,6,0,0,0,0,0,0,3,0,0,0,0,1,21,1,1,,,,1,2,1,3,,,,1,1,1,1,,,,1,1,2,0,,,
7,NCT OF DELHI,90,NORTH WEST,431,SARASWATI VIHAR,63944,Mohammad Pur Majri (CT),3463,17462,9305,8157,2490,1327,1163,0,0,0,2009,IV,CT,SARASWATI VIHAR,NORTH WEST,3.2,3463,2490,0,0,0,0,0,0,0,0,0,0,0,0,0,471,0,636,35,726,14.2,2580,255.4,10073,290.4,17462,73.4,5440,709,834,877,617,40.9,8.9,DELHI SECRETARIATE,16,KANJHAWALA,2,SARASWATI VIHAR,2,DMC(U),6,DMC(U),6,MUNDAKA,6.5,Mohammad Pur Majri ,0,4,0,3,0,3000,0,0,TT,OHT,,TW/B,BWP,,,,,,,,,,,2,BAWANA,8,3500,37,5,1000,0,0,0,0,0,0,0,3,0,0,0,0,0,0,1,1,0,0,0,0,0,,0,0,0,0,0,0,3,0,0,0,0,0,0,2,0,0,0,0,0,0,3,0,0,0,0,0,0,2,0,0,0,0,0,0,5,0,0,0,0,0,0,1,0,0,0,0,0,0,2,0,0,0,0,0,0,3,0,0,0,6,1,1,1,1,,,,2,0,2,0,2,KARALA,1,2,0,2,0,2,KARALA,1,2,0,2,0,2,KARALA,1
7,NCT OF DELHI,90,NORTH WEST,431,SARASWATI VIHAR,63945,Karala (CT),6870,35730,19085,16645,5701,2954,2747,0,0,0,2009,III,CT,SARASWATI VIHAR,NORTH WEST,8.8,6870,5701,0,0,0,0,0,0,0,0,0,0,0,0,0,3012,0,3911,29.8,5125,31,5981,16.7,19100,219.3,35730,87.1,4069,859,839,872,617,40.9,8.9,DELHI SECRETARIATE,17,KANJHAWALA,2,SARASWATI VIHAR,2,DMC(U),8,DMC(U),8,MUNDAKA,7,Karala ,0,8,0,2,0,5500,0,0,TT,OHT,,TW/B,BWP,,,,,,,,,,,2,BAWANA,8,7000,96,0,8000,0,0,0,0,0,0,0,3,0,0,0,0,0,0,1,1,0,1,1,4,3,,0,0,0,0,0,0,3,0,0,0,0,0,0,2,0,0,0,0,0,0,3,0,0,0,0,0,0,2,1,10,4,4,12,12,,1,0,4,4,10,10,,0,0,0,0,0,0,2,0,0,0,0,0,0,4,0,0,0,8,1,3,1,8,,,,1,1,1,4,,,,1,1,1,2,,,,1,1,1,1,,,
7,NCT OF DELHI,90,NORTH WEST,431,SARASWATI VIHAR,63946,Begum Pur (CT),10446,53682,29039,24643,9531,5067,4464,0,0,0,2009,II,CT,SARASWATI VIHAR,NORTH WEST,1.9,10446,9531,0,0,0,0,0,0,0,0,0,0,0,0,0,803,0,1132,41,1384,22.3,4734,242.1,22839,382.4,53682,135,28254,822,805,849,617,40.9,8.9,DELHI SECRETARIATE,25,KANJHAWALA,3,SARASWATI VIHAR,3,DMC(U),4,DMC(U),4,GHEWRA,10,Begum Pur ,0,6,0,3,0,10000,0,0,TT,OHT,,TW/B,BWP,,,,,,,,,,,2,DMC (U),6,10000,48,121,1600,0,0,0,0,0,0,0,6,0,0,0,0,0,0,6,1,0,3,3,8,8,,0,0,0,0,0,0,6,0,0,0,0,0,0,6,0,0,0,0,0,0,6,0,0,0,0,0,0,22,0,0,0,0,0,0,6,0,0,0,0,0,0,6,0,0,0,0,0,0,6,0,0,0,0,0,0,2,0,0,0,5,1,2,1,4,,,,1,1,1,2,,,,1,1,1,1,,,,2,0,1,1,,,
7,NCT OF DELHI,90,NORTH WEST,431,SARASWATI VIHAR,63947,Pooth Kalan (CT),19516,96002,51063,44939,19275,10204,9071,0,0,0,2009,II,CT,SARASWATI VIHAR,NORTH WEST,7,19516,19275,0,0,0,0,0,0,0,0,0,0,0,0,0,2481,0,3453,39.2,6975,102,28767,312.4,50596,75.9,96002,89.7,13715,845,830,880,617,40.9,8.9,DELHI SECRETARIATE,22,KANJHAWALA,11,SARASWATI VIHAR,11,DMC(U),3,DMC(U),3,MANGOL PURI,2,Pooth Kalan ,0,12,0,3,0,18000,0,0,TT,OHT,,TW/B,BWP,,,,,,,,,,,2,DMC (U),4,20000,200,300,300,0,1,100,20,20,15,15,,0,0,0,0,0,0,3,1,6,2,2,2,2,,0,0,0,0,0,0,3,0,0,0,0,0,0,3,0,0,0,0,0,0,18,0,0,0,0,0,0,3,0,0,0,0,0,0,3,0,0,0,0,0,0,4,0,0,0,0,0,0,2,0,0,0,0,0,0,3,0,200,2,15,1,2,1,2,,,,1,1,1,2,,,,1,1,1,2,,,,1,1,1,2,,,
7,NCT OF DELHI,90,NORTH WEST,431,SARASWATI VIHAR,63948,Sultan Pur Majra (CT),33029,181554,95687,85867,81204,42085,39119,0,0,0,2009,I,CT,SARASWATI VIHAR,NORTH WEST,2.8,33029,81204,0,0,0,0,0,0,0,0,0,0,0,0,0,668,0,895,34,56058,6163.5,111567,99,164426,47.4,181554,10.4,64841,833,853,897,617,40.9,8.9,DELHI SECRETARIATE,25,KANJHAWALA,12,SARASWATI VIHAR,12,DMC(U),2,DMC(U),2,NANGLOI,1,Sultan Pur Majra ,0,12,0,3,0,30000,0,0,TT,OHT,,TW/B,BWP,,,,,,,,,,,2,DMC (U),2,34000,50,20,250,0,0,0,0,0,0,0,1,0,0,0,0,0,0,1,2,0,5,5,12,12,,3,30,6,6,15,15,,0,0,0,0,0,0,1,0,0,0,0,0,0,1,0,0,0,0,0,0,1,0,0,0,0,0,0,1,0,0,0,0,0,0,1,0,0,0,0,0,0,1,0,0,0,0,0,0,4,0,0,1,2,1,1,1,35,,,,1,1,1,5,,,,1,1,1,4, ,,,1,1,1,2,,,
7,NCT OF DELHI,90,NORTH WEST,432,MODEL TOWN,63950,Bhalswa Jahangir Pur (CT),38157,197148,106388,90760,43193,23026,20167,0,0,0,2009,I,CT,MODAL TOWN,NORTH WEST,6.7,38157,43193,0,0,0,0,0,0,0,0,0,0,0,0,0,895,0,1200,34.1,70301,5758.4,95065,35.2,152339,60.2,197148,29.4,29425,820,818,853,617,40.9,8.9,DELHI SECRETARIATE,12,KANJHAWALA,25,MODAL TOWN,25,DMC(U),2,DMC(U),2, BADLI,2,Bhalswa Jahangir Pur ,0,10,0,3,2000,40000,0,0,TT,OHT,,HP,,,,,,,,,,,,1,,,39000,300,6500,3750,0,2,100,106,83,269,226,,0,0,0,0,0,0,15,4,0,6,6,20,20,,3,30,6,6,15,14,,1,30,6,6,15,15,,1,30,8,8,24,24,,0,0,0,0,0,0,7,0,0,0,0,0,0,1,1,0,6,5,12,12,,1,0,1,1,2,2,,0,0,0,0,0,0,6,1,16,,50,1,12,1,25,,,,1,6,1,5,,,,1,6,1,1,,,,1,4,2,0,,,
7,NCT OF DELHI,91,NORTH,433,CIVIL LINES,63955,Mukand Pur (CT),10975,57135,30808,26327,8975,4798,4177,0,0,0,2009,II,CT,CIVI LLINES,NORTH,2.5,10975,8975,0,0,0,0,0,0,0,0,0,0,0,0,0,396,0,616,55.6,870,41.2,2580,196.6,21349,727.5,57135,167.6,22583,787,792,855,617,40.9,8.9,DELHI SECRETARIATE,15,KRIPA NARAYAN MARG,15,CIVIL LINES,10,DMC(U),1,DMC(U),1,BADLI,2,Mukand Pur ,0,2,0,1,2940,9500,0,0,TT,OHT,,HP,,,,,,,,,,,,2,DMC (U),4,11000,2122,0,1193,0,0,0,0,0,0,0,1.5,0,0,0,0,0,0,1.5,0,0,0,0,0,0,1.5,0,0,0,0,0,0,1.5,0,0,0,0,0,0,1.5,0,0,0,0,0,0,1.5,0,0,0,0,0,0,8,0,0,0,0,0,0,1.5,1,0,5,4,10,10,,0,0,0,0,0,0,1.5,0,0,0,0,0,0,4,2,0,2,10,1,1,1,3,,,,1,1,2,0,,,,1,1,2,0,,,,1,1,2,0,,,
7,NCT OF DELHI,91,NORTH,433,CIVIL LINES,63956,Kamal Pur Majra Burari (CT),8361,43086,23039,20047,6587,3505,3082,0,0,0,2009,III,CT,CIVIL LINES,NORTH,1.3,8361,6587,0,0,0,0,0,0,0,0,0,0,0,0,0,Uninhabited,0,14,NA,573,3992.9,2199,283.8,17638,702.1,43086,144.3,33143,828,826,870,617,40.9,8.9,DELHI SECRETARIATE,15,KRIPA NARAYAN MARG,15,CIVIL LINES,10,DMC(U),1,DMC(U),1,AZADPUR,5,Kamal Pur Majra Burari,0,2,0,1,1360,8000,0,0,TT,OHT,,TW/B,BWP,,,,,,,,,,,2,DMC (U),6,8000,2218,0,2218,0,0,0,0,0,0,0,2,0,0,0,0,0,0,2,0,0,0,0,0,0,2,0,0,0,0,0,0,2,0,0,0,0,0,0,2,0,0,0,0,0,0,2,0,0,0,0,0,0,3,0,0,0,0,0,0,2,1,0,4,4,8,8,,0,0,0,0,0,0,2,0,0,0,0,0,0,5,2,0,2,10,1,2,2,0,,,,2,0,2,0,1,BURARI,2,2,0,2,0,1,BURARI,2,2,0,2,0,1,BURARI,2
7,NCT OF DELHI,91,NORTH,433,CIVIL LINES,63957,Burari  (CT),28610,146190,78103,68087,16285,8564,7721,0,0,0,2009,I,CT,CIVIL LINES,NORTH,11.2,28610,16285,0,0,0,0,0,0,0,0,0,0,0,0,0,2721,0,3483,28,6504,86.7,17587,170.4,69333,294.2,146190,110.9,13053,808,830,872,617,40.9,8.9,DELHI SECRETARIATE,12,KRIPA NARAYAN MARG,12,CIVIL LINES,11,DMC(U),1,DMC(U),1,AZADPUR,5,Burari ,0,15,0,1,5290,28000,0,0,TT,BWP,,TW/B,BWP,,,,,,,,,,,2,DMC (U),6,28000,2112,0,3107,0,0,0,0,0,0,0,3,0,0,0,0,0,0,3,1,0,3,2,6,6,,2,20,5,5,15,15,,0,0,0,0,0,0,2,0,0,0,0,0,0,3,0,0,0,0,0,0,4,3,24,8,7,20,18,,1,0,10,8,20,20,,0,0,0,0,0,0,2,0,0,0,0,0,0,2,2,2,2,10,1,6,1,6,,,,1,4,1,4,,,,1,1,1,1,,,,1,1,1,1,,,
7,NCT OF DELHI,91,NORTH,433,CIVIL LINES,63958,Jharoda Majra Burari  (CT),4435,22878,12214,10664,3275,1750,1525,0,0,0,2009,III,CT,CIVIL LINES,NORTH,2.6,4435,3275,0,0,0,0,0,0,0,0,0,0,0,0,0,309,0,346,12,730,111,4742,549.6,13302,180.5,22878,72,8799,706,773,873,617,40.9,8.9,DELHI SECRETARIATE,11,KRIPA NARYAN MARG,11,CIVIL LINES,10,DMC(U),3,DMC(U),3,AZADPUR,5,Jharoda Majra Burari,0,11,0,1,2320,4311,0,0,TT,BWP,,TW/B,BWP,,,,,,,,,,,2,DMC (U),5,4119,2155,0,1893,0,0,0,0,0,0,0,4,0,0,0,0,0,0,4,0,0,0,0,0,0,2,0,0,0,0,0,0,2,0,0,0,0,0,0,2,0,0,0,0,0,0,2,0,0,0,0,0,0,3,1,10,3,3,12,12,,0,0,0,0,0,0,2,0,0,0,0,0,0,2,0,0,0,0,0,0,2,2,0,3,11,1,1,1,2,,,,2,0,2,0,1,BURARI,2,2,0,2,0,1,BURARI,2,2,0,2,0,1,BURARI,2
7,NCT OF DELHI,92,NORTH-EAST,436,SEELAM PUR,63968,Sadat Pur Gujran (CT),18679,97641,52834,44807,9488,4980,4508,0,0,0,2009,II,CT,SEELAM PUR,NORTH EAST,1.1,18679,9488,0,0,0,0,0,0,0,0,0,0,0,0,0,445,0,475,6.7,1399,194.5,9967,612.4,43221,333.6,97641,125.9,88765,782,812,848,617,40.9,8.9,DELHI SECRETARIATE,10,NAND NAGRI,10,SEELAMPUR,10,DMC(U),11,DMC(U),11,SHAHDARA,11,Sadat Pur Gujran ,0,9,0,3,0,20000,0,0,TT,BWP,,TW/B,BWP,,,,,,,,,,,2,DMC (U),6,19000,150,50,60,0,0,0,0,0,0,0,6,0,0,0,0,0,0,6,1,0,1,1,4,,,0,0,0,0,0,0,6,0,0,0,0,0,0,6,0,0,0,0,0,0,4,0,0,0,0,0,0,5,0,0,0,0,0,0,6,0,0,0,0,0,0,5,0,0,0,0,0,0,10,0,0,0,0,0,0,6,7,0,0,15,1,1,1,10,,,,2,0,1,2,,,,2,0,2,0,1,BIHARIPUR,1,2,0,2,0,1,DMC(U),1
7,NCT OF DELHI,92,NORTH-EAST,436,SEELAM PUR,63969,Baqiabad (CT),2406,14429,7624,6805,1068,579,489,0,0,0,2009,IV,CT,SEELAMPUR,NORTH EAST,0.9,2406,1068,0,0,0,0,0,0,0,0,0,0,0,0,0,Uninhabited,0,Uninhabited,NA,Uninhabited,NA,525,NA,12058,2196.8,14429,19.7,16975,762,847,893,617,40.9,8.9,DELHI SECRETARIATE,8,NAND NAGRI,6,SEELAMPUR,7,DMC(U),14,DMC(U),14,SHAHDARA,14,Baqiabad ,0,1.5,0,3,0,2500,0,0,TT,BWP,,HP,,,,,,,,,,,,2,DMC (U),5,2500,0,0,25,0,0,0,0,0,0,0,6,0,0,0,0,0,0,6,0,0,0,0,0,0,4,0,0,0,0,0,0,4,0,0,0,0,0,0,4,0,0,0,0,0,0,6,0,0,0,0,0,0,4,0,0,0,0,0,0,4,0,0,0,0,0,0,2,0,0,0,0,0,0,7,0,0,0,0,0,0,3,2,0,0,2,1,1,1,1,,,,2,0,2,0,1,SABA PUR SHAHDARA,3,2,0,2,0,1,SABHA PUR SHAHDARA,3,2,0,2,0,1,SABHA PUR SHAHDARA,3
7,NCT OF DELHI,92,NORTH-EAST,436,SEELAM PUR,63970,Karawal Nagar (CT),41116,224281,119951,104330,36056,19212,16844,0,0,0,2009,I,CT,SEELAMPUR,NORTH EAST,4.8,41116,36056,0,0,0,0,0,0,0,0,0,0,0,0,0,476,0,2433,411.1,2649,8.9,47455,1691.4,148624,213.2,224281,50.9,46725,811,846,870,617,40.9,8.9,DELHI SECRETARIATE,13,NAND NAGRI,9,SEELAMPUR,9,DMC(U),9,DMC(U),9,SHAHDARA,9,Karawal Nagar,0,30,0,3,0,40000,0,0,TT,BWP,,TW/B,BWP,,,,,,,,,,,2,DMC (U),6,40000,800,300,4735,0,0,0,0,0,0,0,7,0,0,0,0,0,0,7,4,0,4,4,10,10,,3,30,4,4,15,15,,0,0,0,0,0,0,7,1,30,8,8,24,24,,1,30,8,7,24,24,,0,0,0,0,0,0,7,1,0,10,9,25,25,,0,0,0,0,0,0,13,0,0,0,0,0,0,3,0,0,0,20,1,5,1,30,,,,1,1,1,25,,,,1,1,1,6,,,,1,1,1,6,,,
7,NCT OF DELHI,92,NORTH-EAST,436,SEELAM PUR,63971,Dayal Pur (CT),4111,20589,11024,9565,1642,871,771,0,0,0,2009,III,CT,SEELAMPUR,NORTH EAST,NA,4111,1642,0,0,0,0,0,0,0,0,0,0,0,0,0,282,0,439,55.7,1110,152.8,6607,495.2,13009,96.9,20589,58.3,NA,807,843,868,617,40.9,8.9,DELHI SECRETARIATE,12,NAND NAGRI,9,SEELAMPUR,7,DMC(U),9,DMC(U),9,SHAHDARA,9,Dayal Pur ,0,3,0,3,0,4000,0,0,TT,BWP,,TW/B,BWP,,,,,,,,,,,2,GOKUL PUR,4,4000,25,50,250,0,0,0,0,0,0,0,6,0,0,0,0,0,0,6,1,0,1,1,3,3,,0,0,0,0,0,0,6,0,0,0,0,0,0,6,0,0,0,0,0,0,1,0,0,0,0,0,0,1,0,0,0,0,0,0,9,0,0,0,0,0,0,1,0,0,0,0,0,0,8,0,0,0,0,0,0,6,4,4,0,10,1,3,1,3,,,,1,3,1,3,,,,1,2,1,2,,,,1,1,1,1,,,
7,NCT OF DELHI,92,NORTH-EAST,436,SEELAM PUR,63972,Jiwan Pur alias Johri Pur (CT),7701,43054,23109,19945,16153,8616,7537,0,0,0,2009,III,CT,SEELAMPUR,NORTH EAST,1,7701,16153,0,0,0,0,0,0,0,0,0,0,0,0,0,404,,777,92.3,2124,173.4,5937,179.5,20770,249.8,43054,107.3,43054,763,834,863,617,40.9,8.9,DELHI SECRETARIATE,17,NAND NAGRI,5,SEELAMPUR,6,DMC(U),6,DMC(U),6,SHAHDARA,6,Jiwan Pur alias Johri Pur ,0,8,0,3,0,6000,0,0,TT,OHT,,TW/B,BWP,,,,,,,,,,,2,DMC (U),2,8000,350,250,725,0,0,0,0,0,0,0,6,0,0,0,0,0,0,6,1,0,2,2,4,,,1,10,4,4,12,12,,0,0,0,0,0,0,6,0,0,0,0,0,0,2,0,0,0,0,0,0,2,0,0,0,0,0,0,6,0,0,0,0,0,0,2,0,0,0,0,0,0,16,0,0,0,0,0,0,4,5,0,2,10,1,1,1,6,,,,1,1,1,4,,,,2,0,1,3,,,,2,0,1,1,,,
7,NCT OF DELHI,92,NORTH-EAST,436,SEELAM PUR,63973,Mustafabad (CT),20348,127167,66889,60278,4130,2208,1922,0,0,0,2009,I,CT,SEELAMPUR,NORTH EAST,1.3,20348,4130,0,0,0,0,0,0,0,0,0,0,0,0,0,589,0,63,-89.3,646,925.4,32225,4888.4,90171,179.8,127167,41,97821,833,871,901,617,40.9,8.9,DELHI SECRETARIATE,16,NAND NAGRI,6,SEELAMPUR,5,DMC(U),7,DMC(U),7,SHAHDARA,7,Mustafabad ,0,5,0,3,0,20000,0,0,TT,BWP,,TW/B,BWP,,,,,,,,,,,2,GOKUL PUR,5,20000,475,560,2325,0,0,0,0,0,0,0,6,0,0,0,0,0,0,6,2,0,2,2,5,5,,0,0,0,0,0,0,6,0,0,0,0,0,0,3,0,0,0,0,0,0,3,0,0,0,0,0,0,3,0,0,0,0,0,0,6,0,0,0,0,0,0,3,0,0,0,0,0,0,5,0,0,0,0,0,0,6,10,0,0,15,1,1,1,5,,,,2,0,1,2,,,,2,0,1,2,,,,2,0,1,2,,,
7,NCT OF DELHI,92,NORTH-EAST,436,SEELAM PUR,63974,Khan Pur Dhani (CT),1393,6994,3669,3325,531,284,247,0,0,0,2009,V,CT,SEELAMPUR,NORTH EAST,0.3,1393,531,0,0,0,0,0,0,0,0,0,0,0,0,0,Uninhabited,0,Uninhabited,NA,Uninhabited,NA,Uninhabited,NA,8571,NA,6994,-18.4,24714,NA,886,906,617,40.9,8.9,DELHI SECRETARIATE,12,NAND NAGRI,5,SEELAMPUR,4,DMC(U),6,DMC(U),6,SHAHDARA,6,Khan Pur Dhani ,0,2,0,3,0,1200,0,0,TT,BWP,,HP,,,,,,,,,,,,2,DMC (U),2,1500,0,100,100,400,0,0,0,0,0,0,5,0,0,0,0,0,0,5,0,0,0,0,0,0,0.5,0,0,0,0,0,0,5,0,0,0,0,0,0,5,0,0,0,0,0,0,0.5,0,0,0,0,0,0,3,3,30,9,8,24,24,,0,0,0,0,0,0,3,0,0,0,0,0,0,13,0,0,0,0,0,0,5,0,0,0,5,1,2,2,0,,,,2,0,2,0,1,DMC(U),0.2,2,0,2,0,1,DMC(U),0.2,2,0,2,0,1,DMC(U),0.2
7,NCT OF DELHI,92,NORTH-EAST,436,SEELAM PUR,63975,Tukhmir Pur (CT),1085,5658,3029,2629,921,479,442,0,0,0,2009,V,CT,SEELAMPUR,NORTH EAST,0.4,1085,921,0,0,0,0,0,0,0,0,0,0,0,0,0,156,0,301,92.9,828,175.1,1822,120,4847,166,5658,16.7,14145,826,786,868,617,40.9,8.9,DELHI SECRETARIATE,11,NAND NAGRI,8,SEELAM PUR,6,DMC(U),8,DMC(U),8,SHAHDARA,8,Tukhmir Pur,0,2,0,3,0,1000,0,0,TT,BWP,,HP,,,,,,,,,,,,2,GOKUL PUR,4,1500,15,20,50,0,0,0,0,0,0,0,5,0,0,0,0,0,0,5,0,0,0,0,0,0,1,0,0,0,0,0,0,5,0,0,0,0,0,0,5,0,0,0,0,0,0,5,0,0,0,0,0,0,2,0,0,0,0,0,0,2,0,0,0,0,0,0,8,0,0,0,0,0,0,7,0,0,0,0,0,0,5,2,0,0,7,1,2,1,3,,,,2,0,1,2,,,,2,0,2,0,1,DAYAL PUR,2,2,0,2,0,1,DAYAL PUR,2
7,NCT OF DELHI,92,NORTH-EAST,436,SEELAM PUR,63976,Khajoori Khas (CT),13186,76640,40584,36056,3758,2028,1730,0,0,0,2009,II,CT,SEELAMPUR,NORTH EAST,0.9,13186,3758,0,0,0,0,0,0,0,0,0,0,0,0,0,384,0,603,57,2712,349.8,16334,502.3,45087,176,76640,70,85156,824,847,888,617,40.9,8.9,DELHI SECRETARIATE,15,NAND NAGRI,7,SEELAMPUR,7,DMC(U),12,DMC(U),12,SHAHDARA,12,Khajoori Khas,0,8,0,3,0,13000,0,0,TT,BWP,,TW/B,BWP,,,,,,,,,,,2,DMC (U),5,13000,150,150,250,0,0,0,0,0,0,0,4,0,0,0,0,0,0,4,1,0,3,3,23,23,,0,0,0,0,0,0,4,0,0,0,0,0,0,2,0,0,0,0,0,0,2,0,0,0,0,0,0,2,0,0,0,0,0,0,4,0,0,0,0,0,0,2,0,0,0,0,0,0,2,0,0,0,0,0,0,5,10,0,0,10,1,6,1,3,,,,1,5,2,0,,,,1,4,2,0,,,,1,2,2,0,,,
7,NCT OF DELHI,92,NORTH-EAST,436,SEELAM PUR,63977,Mir Pur Turk (CT),3093,19098,9979,9119,822,436,386,0,0,0,2009,IV,CT,SEELAM PUR,NORTH EAST,0.5,3093,822,0,0,0,0,0,0,0,0,0,0,0,0,0,Uninhabited,0,23,NA,Uninhabited,NA,11135,NA,28258,153.8,19098,-32.4,38196,841,854,914,617,40.9,8.9,DELHI SECRETARIATE,13,NAND NAGRI,9,SEELAM PUR,6,DMC(U),10,DMC(U),10,SHAHDARA,10,Mir Pur Turk,0,3,0,3,0,3000,0,0,TT,BWP,,TW/B,BWP,,,,,,,,,,,2,DMC (U),4,3000,80,120,520,0,0,0,0,0,0,0,9,0,0,0,0,0,0,9,1,0,1,3,3,3,,0,0,0,0,0,0,9,0,0,0,0,0,0,2,0,0,0,0,0,0,2,0,0,0,0,0,0,3,0,0,0,0,0,0,9,0,0,0,0,0,0,3,0,0,0,0,0,0,11,0,0,0,0,0,0,8,0,0,0,15,1,1,1,3,,,,1,1,1,3,,,,1,1,1,3,,,,1,1,2,0,,,
7,NCT OF DELHI,92,NORTH-EAST,436,SEELAM PUR,63978,Ziauddin Pur (CT),12057,68993,36451,32542,9737,5164,4573,0,0,0,2009,II,CT,SEELAMPUR,NORTH EAST,1.8,12057,9737,0,0,0,0,0,0,0,0,0,0,0,0,0,Uninhabited,0,136,NA,363,166.9,4830,1230.6,48043,894.7,68993,43.6,38329,857,856,893,617,40.9,8.9,DELHI SECRETARIATE,13,NAND NAGRI,5,SEELAMPUR,5,DMC(U),5,DMC(U),5,SHAHDARA,5,Ziauddin Pur,0,3,0,3,0,12000,0,0,TT,BWP,,TW/B,BWP,,,,,,,,,,,2,DMC (U),2,11300,150,250,700,0,0,0,0,0,0,0,5,0,0,0,0,0,0,5,2,0,4,4,9,9,,0,0,0,0,0,0,5,0,0,0,0,0,0,5,1,10,4,4,12,12,,0,0,0,0,0,0,3,1,20,6,6,16,16,,0,0,0,0,0,0,3,0,0,0,0,0,0,13,0,0,0,0,0,0,7,4,0,0,15,1,4,1,10,,,,1,4,1,7,,,,1,4,1,2,,,,1,3,1,3,,,
7,NCT OF DELHI,92,NORTH-EAST,436,SEELAM PUR,63979,Gokal Pur (CT),22592,121870,64857,57013,38212,20323,17889,0,0,0,2009,I,CT,SEELAM PUR,NORTH EAST,2.3,22592,38212,0,0,0,0,0,0,0,0,0,0,0,0,0,801,0,1533,91.4,14972,876.6,49186,228.5,91159,85.3,121870,33.7,52987,832,847,879,617,40.9,8.9,DELHI SECRETARIATE,15,NAND NAGRI,4,SEELAMPUR,5,DMC(U),6,DMC(U),6,SHADARA,6,Gokal Pur,0,10,0,3,0,21000,0,0,TT,BWP,,TW/B,BWP,,,,,,,,,,,1,,,20000,600,350,850,0,0,0,0,0,0,0,4,0,0,0,0,0,0,4,3,0,6,6,18,16,,0,0,0,0,0,0,4,0,0,0,0,0,0,4,0,0,0,0,0,0,1,0,0,0,0,0,0,4,1,22,7,5,20,20,,0,0,0,0,0,0,4,0,0,0,0,0,0,15,0,0,0,0,0,0,7,0,0,0,20,1,5,1,21,,,,1,5,1,11,,,,1,5,1,5,,,,1,5,1,4,,,
7,NCT OF DELHI,92,NORTH-EAST,437,SHAHDARA,63980,Babar Pur (CT),6801,37058,19659,17399,3845,2000,1845,0,0,0,2009,III,CT,SHAHDARA,NORTH EAST,0.8,6801,3845,0,0,0,0,0,0,0,0,0,0,0,0,0,491,0,3844,682.9,21925,470.4,47451,116.4,43375,-8.6,37058,-14.6,46323,845,840,885,617,40.9,8.9,DELHI SECRETARIATE,9,NAND NAGRI,4,SHAHDARA,4,DMC(U),2,DMC(U),2,SHAHDARA,2,Babar Pur ,0,6,0,3,0,7000,0,0,TT,BWP,,TW/B,BWP,,,,,,,,,,,2,DMC (U),2,7000,40,15,50,0,0,0,0,0,0,0,5,0,0,0,0,0,0,5,3,0,3,3,10,10,,1,8,4,4,12,12,,0,0,0,0,0,0,1,0,0,0,0,0,0,3,1,10,4,4,12,11,,0,0,0,0,0,0,2,1,0,6,6,12,12,,0,0,0,0,0,0,8,0,0,0,0,0,0,5,10,4,0,12,1,2,1,15,,,,1,1,1,6,,,,1,1,1,4,,,,1,1,1,3,,,
7,NCT OF DELHI,92,NORTH-EAST,437,SHAHDARA,63981,Jaffrabad (CT),8815,54601,28529,26072,3598,1857,1741,0,0,0,2009,II,CT,SHAHDARA,NIORTH EAST,0.9,8815,3598,0,0,0,0,0,0,0,0,0,0,0,0,0,29,0,1536,5196.6,16148,951.3,17492,8.3,57450,228.4,54601,-5,60668,875,877,914,617,40.9,8.9,DELHI SECRETARIATE,7,NAND NAGRI,7,SHAHDARA,5,DMC(U),5,DMC(U),5,SHAHDARA,5,Jaffrabad ,0,17,0,3,0,9000,0,0,TT,BWP,,TW/B,BWP,,,,,,,,,,,2,GOKUL PUR,6,9000,900,1200,2000,0,0,0,0,0,0,0,3,0,0,0,0,0,0,3,2,0,4,4,8,8,,0,0,0,0,0,0,3,0,0,0,0,0,0,3,0,0,0,0,0,0,3,0,0,0,0,0,0,8,0,0,0,0,0,0,6,0,0,0,0,0,0,8,0,0,0,0,0,0,4,0,0,0,0,0,0,7,2,2,2,15,1,8,1,8,,,,1,5,1,4,,,,1,2,1,2,,,,1,2,1,2,,,
7,NCT OF DELHI,92,NORTH-EAST,438,SEEMA PURI,63982,Mandoli (CT),21916,120417,64159,56258,54374,28456,25918,0,0,0,2009,I,CT,SEEMAPURI,NORTH EAST,5.9,21916,54374,0,0,0,0,0,0,0,0,0,0,0,0,0,3102,0,4200,35.4,47891,1040.3,NA,NA,103165,NA,120417,16.7,20521,NA,851,877,617,40.9,8.9,DELHI SECRETARIATE,16,NAND NAGRI,2,SEEMAPURI,2,DMC(U),6,DMC(U),6,SHAHDARA,6,Mandoli ,0,2,0,3,0,23000,0,0,TT,BWP,,HP,,,,,,,,,,,,2,DMC (U),4,22000,50,49,1009,0,0,0,0,0,0,0,4,0,0,0,0,0,0,4,5,0,8,8,20,20,,0,0,0,0,0,0,4,0,0,0,0,0,0,4,0,0,0,0,0,0,4,0,0,0,0,0,0,6,3,30,12,10,30,30,,0,0,0,0,0,0,6,0,0,0,0,0,0,16,0,0,0,0,0,0,7,10,4,0,18,1,5,1,10,,,,1,3,1,4,,,,1,3,1,8,,,,1,2,1,2,,,
7,NCT OF DELHI,93,EAST,439,GANDHI NAGAR,63983,Shakar Pur Baramad (CT),297,1178,682,496,51,29,22,0,0,0,2009,VI,CT,GANDHI NAGAR,EAST,0.1,297,51,0,0,0,0,0,0,0,0,0,0,0,0,0,146,0,Uninhabited,NA,Uninhabited,NA,137,NA,6664,4764.2,1178,-82.3,18123,930,598,727,617,40.9,8.9,DELHI SECRETARIATE,12,PREET VIHAR,4,GANDHI  NAGAR,4,DMC(U),15,DMC(U),15,MANDAWALI,2,Shakar Pur Baramad ,0,6,0,2,,200,0,0,TT,BWP,,HP,,,,,,,,,,,,2,DMC (U),7,100,,,,,0,0,0,0,0,0,1,0,0,0,0,0,0,1,0,0,0,0,0,0,1,0,0,0,0,0,0,1,0,0,0,0,0,0,1,0,0,0,0,0,0,1,0,0,0,0,0,0,1,0,0,0,0,0,0,1,0,0,0,0,0,0,4,0,0,0,0,0,0,1,0,0,0,0,0,0,6,0,0,0,0,2,0,2,0,1,DMC(U),1,2,0,2,0,1,DMC(U),1,2,0,2,0,1,DMC(U),1,2,0,2,0,1,DMC(U),1
7,NCT OF DELHI,93,EAST,441,PREET VIHAR,63985,Gharonda Neemka Bangar alias Patpar Ganj (CT),8417,37876,20006,17870,5104,2700,2404,0,0,0,2009,III,CT,PREET VIHAR,EAST,1.5,8417,5104,0,0,0,0,0,0,0,0,0,0,0,0,0,826,0,1739,110.5,5746,230.4,22945,299.3,34412,50,37876,10.1,25420,827,803,893,617,40.9,8.9,DELHI SECRETARIATE,12,PREET VIHAR,4,PREET VIHAR,4,DMC(U),15,DMC(U),15,MANDAWALI FAJILPUR,2,Gharonda Neemka Bangar alias Patpar Ganj ,0,7,0,3,0,9000,0,0,TT,OHT,,TW/B,BWP,,,,,,,,,,,2,DMC (U),4,9000,500,0,2000,0,2,100,20,18,35,35,,0,0,0,0,0,0,4,4,0,10,8,32,30,,1,8,3,3,9,9,,1,15,4,4,6,6,,1,10,4,4,12,12,,1,10,4,4,12,12,,3,60,22,22,35,30,,1,0,4,4,8,8,,0,0,0,0,0,0,8,0,0,0,0,0,0,6,0,0,4,25,1,8,2,0,,,,1,6,2,0,,,,1,2,2,0,,,,1,2,2,0,,,
7,NCT OF DELHI,93,EAST,441,PREET VIHAR,63986,Gharoli (CT),19819,92540,49674,42866,23156,12397,10759,0,0,0,2009,II,CT,PREET VIHAR,EAST,3.6,19819,23156,0,0,0,0,0,0,0,0,0,0,0,0,0,713,0,983,37.9,1985,101.9,11187,463.6,69444,520.8,92540,33.3,25994,790,796,863,617,40.9,8.9,DELHI SECRETARIATE,12,PREET VIHAR,4,PREET VIHAR,4,DMC(U),15,DMC(U),15,MANDAWALI FAJILPUR,2,Gharoli ,0,5,0,3,0,20000,0,0,TT,BWP,,TW/B,BWP,,,,,,,,,,,2,DMC (U),3,20000,1000,0,2000,0,1,40,8,8,24,20,,0,0,0,0,0,0,4,2,0,4,4,5,5,,1,10,3,3,10,10,,1,20,4,4,8,8,,1,20,6,6,18,18,,1,20,6,6,18,17,,1,20,8,7,14,14,,0,0,0,0,0,0,4,0,0,0,0,0,0,4,0,0,0,0,0,0,6,0,0,3,20,1,4,2,0,,,,1,3,2,0,,,,1,3,2,0,,,,1,2,2,0,,,
7,NCT OF DELHI,93,EAST,441,PREET VIHAR,63987,Kondli (CT),8509,38207,20691,17516,6516,3504,3012,0,0,0,2009,III,CT,PREET VIHAR,EAST,1.9,8509,6516,0,0,0,0,0,0,0,0,0,0,0,0,0,538,0,836,55.4,2303,175.5,13317,478.2,28576,114.6,38207,33.7,20323,746,784,847,617,40.9,8.9,DELHI SECRETARIATE,12,PREET VIHAR,4,PREET VIHAR,4,DMC(U),15,DMC(U),15,MANDAWALI FAJILPUR,6,Kondli,0,5,0,3,0,8000,0,0,TT,BWP,,TW/B,BWP,,,,,,,,,,,2,DMC (U),3,9000,500,0,2200,0,1,100,20,18,35,35,,0,0,0,0,0,0,5,4,0,4,4,8,8,,1,10,3,3,12,12,,1,20,4,4,8,8,,1,10,4,4,12,12,,1,10,4,3,12,12,,2,40,15,15,30,30,,0,0,0,0,0,0,4,0,0,0,0,0,0,6,0,0,0,0,0,0,5,0,0,5,20,1,3,1,5,,,,1,1,1,2,,,,1,1,1,2,,,,1,2,2,0,,,
7,NCT OF DELHI,93,EAST,441,PREET VIHAR,63988,Dallo Pura (CT),31009,154791,81262,73529,59656,30943,28713,0,0,0,2009,I,CT,PREET VIHAR,EAST,2.3,31009,59656,0,0,0,0,0,0,0,0,0,0,0,0,0,830,0,1187,43,1495,25.9,56783,3698.2,132621,133.6,154791,16.7,67594,848,858,905,617,40.9,8.9,DELHI SECRETARIATE,12,PREET VIHAR,4,PREET VIHAR,4,DMC(U),15,DMC(U),15,MANDAWALI FAJILPUR,5,Dallo Pura ,0,3,0,3,0,29000,0,0,TT,OHT,,TW/B,BWP,,,,,,,,,,,2,DMC (U),3,32000,300,0,2000,0,1,40,12,12,35,35,,0,0,0,0,0,0,5,2,0,4,4,6,6,,1,30,3,3,12,12,,1,20,4,4,8,8,,1,30,8,8,24,24,,1,30,8,8,18,18,,2,40,12,10,25,25,,0,0,0,0,0,0,4,0,0,0,0,0,0,6,0,0,0,0,0,0,6,0,0,2,12,1,5,1,1,,,,1,3,1,1,,,,1,3,1,1,,,,1,2,2,0,,,
7,NCT OF DELHI,93,EAST,441,PREET VIHAR,63989,Chilla Saroda Bangar (CT),18124,83217,44672,38545,8901,4727,4174,0,0,0,2009,II,CT,PREET VIHAR,EAST,2.6,18124,8901,0,0,0,0,0,0,0,0,0,0,0,0,0,673,0,948,40.9,1651,74.2,16460,897,66700,305.2,83217,24.8,32255,724,782,863,617,40.9,8.9,DELHI SECRETARIATE,10,PREET VIHAR,4,PREET VIHAR,4,DMC(U),15,DMC(U),15,MANDAWALI FAJILPUR,4,Chilla Saroda Bangar ,0,3,0,3,0,20000,0,0,TT,OHT,,TW/B,BWP,,,,,,,,,,,2,DMC (U),5,17000,500,0,2200,0,1,60,20,20,35,35,,0,0,0,0,0,0,5,2,0,4,4,6,6,,1,20,2,2,8,8,,1,20,4,4,8,8,,1,20,6,6,24,24,,1,20,5,5,17,16,,2,20,8,8,16,16,,1,0,8,7,20,20,,0,0,0,0,0,0,5,0,0,0,0,0,0,5,0,0,5,20,1,3,2,0,,,,1,3,2,0,,,,1,3,2,0,,,,1,3,2,0,,,
7,NCT OF DELHI,93,EAST,441,PREET VIHAR,63990,Chilla Saroda Khadar (CT),3105,11743,6012,5731,470,257,213,0,0,0,2009,IV,CT,PREET VIHAR,EAST,0.5,3105,470,0,0,0,0,0,0,0,0,0,0,0,0,0,35,0,Uninhabited,NA,Uninhabited,NA,211,NA,9201,4260.7,11743,27.6,22157,730,950,953,617,40.9,8.9,DELHI SECRETARIATE,12,PREET VIHAR,4,PREET VIHAR,4,DMC(U),15,DMC(U),15,MANDAWALI FAJILPUR,4,Chilla Saroda Khadar ,0,,0,1,0,3000,0,0,TT,OHT,,HP,,,,,,,,,,,,2,DMC (U),6,2500,,,,,0,0,0,0,0,0,1,0,0,0,0,0,0,1,0,0,0,0,0,0,1,0,0,0,0,0,0,1,0,0,0,0,0,0,1,0,0,0,0,0,0,1,0,0,0,0,0,0,1,0,0,0,0,0,0,1,0,0,0,0,0,0,1,0,0,0,0,0,0,1,0,0,0,0,0,0,1,0,0,0,0,1,1,1,1,,,,2,0,2,0,1,CHILLA SARODA BANGAR,1,2,0,2,0,1,CHILLA SARODA BANGAR,1,2,0,2,0,1,CHILL ASARODA BANGAR,1
7,NCT OF DELHI,96,WEST,448,PATEL NAGAR,63991,Hastsal (CT),33977,176877,94833,82044,21068,11235,9833,0,0,0,2009,I,CT,PATEL NAGAR,WEST,6.8,33977,21068,0,0,0,0,0,0,0,0,0,0,0,0,0,1641,0,2573,56.8,3605,40.1,39596,998.4,86556,118.6,176877,104.3,26011,830,809,865,617,40.9,8.9,DELHI SECRETARIATE,26,RAM PURA,12,RAM PURA,12,DMC(U),21,DMC(U),21,DELHI CAMTT.,6,Hastsal ,0,15,0,3,0,30000,0,0,TT,OHT,200000,TW/B,BWP,,,,,,,,,,,2,DMC (U),8,32738,0,3015,,0,0,0,0,0,0,0,10,0,0,0,0,0,0,10,1,0,2,2,6,6,,1,12,6,4,14,12,,0,0,0,0,0,0,10,0,0,0,0,0,0,10,0,0,0,0,0,0,10,0,0,0,0,0,0,10,1,0,7,7,14,14,,0,0,0,0,0,0,10,0,0,0,0,0,0,2,0,0,3,30,1,5,1,35,,,,1,7,1,21,,,,1,4,1,9,,,,1,5,1,5,,,
7,NCT OF DELHI,96,WEST,448,PATEL NAGAR,63992,Raja Pur Khurd (CT),3553,19312,10288,9024,1695,904,791,0,0,0,2009,IV,CT,PATEL NAGAR,WEST,1.9,3553,1695,0,0,0,0,0,0,0,0,0,0,0,0,0,Uninhabited,0,Uninhabited,NA,Uninhabited,NA,449,NA,9712,2063,19312,98.8,10164,727,816,877,617,40.9,8.9,DELHI SECRETARIATE,25,RAMPURA,12,RAMPURA,12,DMC(U),21,DMC(U),21,DELHI CANTT,12,Raja Pur Khurd ,0,30,15,2,0,3500,0,0,TT,BWP,,HP,,,,,,,,,,,,2,DMC (U),3,4000,0,1472,,0,0,0,0,0,0,0,10,0,0,0,0,0,0,10,1,2,1,1,2,2,,0,0,0,0,0,0,10,0,0,0,0,0,0,10,0,0,0,0,0,0,10,0,0,0,0,0,0,10,0,0,0,0,0,0,10,1,0,2,2,4,4,,0,0,0,0,0,0,10,0,0,0,0,0,0,2,0,0,0,15,1,5,1,15,,,,1,1,1,8,,,,1,4,1,7,,,,1,5,1,5,,,
7,NCT OF DELHI,96,WEST,450,PUNJABI BAGH,63995,Bapraula (CT),10069,52744,28382,24362,7141,3763,3378,0,0,0,2009,II,CT,PUNJABI BAGH,WEST,5.6,10069,7141,0,0,0,0,0,0,0,0,0,0,0,0,0,942,0,1766,87.5,1824,3.3,2317,27,13472,481.4,52744,291.5,9385,848,816,858,617,40.9,8.9,DELHI SECRETARIATE,28,RAMPURA,22,PUNJABI BAGH ,10,DMC(U),5,DMC(U),5,NANGLOI,8,Bapraula ,0,25,8,1,0,10000,0,0,TT,OHT,,TW/B,BWP,,,,,,,,,,,2,DMC (U),5,10000,15,4,1015,0,0,0,0,0,0,0,5,0,0,0,0,0,0,5,1,0,1,1,7,7,,1,10,2,2,8,8,,0,0,0,0,0,0,5,0,0,0,0,0,0,5,0,0,0,0,0,0,5,0,0,0,0,0,0,5,1,0,2,2,5,5,,0,0,0,0,0,0,0,0,0,0,0,0,0,2,4,0,0,1,1,1,1,6,,,,1,1,1,2,,,,1,1,1,1,,,,1,1,1,1,,,
7,NCT OF DELHI,96,WEST,450,PUNJABI BAGH,63996,Tilang Pur Kotla (CT),2611,13614,7308,6306,1697,935,762,0,0,0,2009,IV,CT,PUNJABI BAGH,WEST,0.8,2611,1697,0,0,0,0,0,0,0,0,0,0,0,0,0,465,0,640,37.6,1055,64.8,1144,8.4,7068,517.8,13614,92.6,16643,923,797,863,617,40.9,8.9,DELHI SECRETARIATE,30,RAMPURA,23,PUNJABI BAGH ,9,DMC(U),5,DMC(U),5,NANGLOI,7,Tilang Pur Kotla,0,12,0,1,0,2500,0,0,TT,OHT,,HP,,,,,,,,,,,,2,DMC (U),7,3000,4,4,25,0,0,0,0,0,0,0,7,0,0,0,0,0,0,7,1,1,1,1,7,7,,1,10,3,3,8,8,,0,0,0,0,0,0,7,0,0,0,0,0,0,7,0,0,0,0,0,0,7,0,0,0,0,0,0,7,1,0,2,2,4,4,,0,0,0,0,0,0,7,0,0,0,0,0,0,4,0,0,0,0,1,1,1,2,,,,2,0,1,1,,,,2,0,2,0,1,BAPRAULA,2,2,0,2,0,1,BAPRAULA,2
7,NCT OF DELHI,96,WEST,450,PUNJABI BAGH,63997,Shafi Pur Ranhola (CT),6211,31944,17272,14672,4818,2575,2243,0,0,0,2009,III,CT,PUNJABI BAGH,WEST,4.3,6211,4818,0,0,0,0,0,0,0,0,0,0,0,0,0,Uninhabited,0,1395,NA,1979,41.9,3580,80.9,7953,122.2,31944,301.7,7377,782,778,849,617,40.9,8.9,DELHI SECRETARIATE,24,RAMPURA,10,PUNJABI BAGH ,6,DMC(U),4,DMC(U),4,NANGLOI,5,Shafi Pur Ranhola,0,75,10,1,0,6000,0,0,TT,OHT,,HP,,,,,,,,,,,,2,DMC (U),7,6500,350,250,425,0,0,0,0,0,0,0,8,0,0,0,0,0,0,8,0,0,0,0,0,0,2,1,8,2,2,9,9,,0,0,0,0,0,0,8,0,0,0,0,0,0,8,0,0,0,0,0,0,8,0,0,0,0,0,0,8,0,0,0,0,0,0,2,0,0,0,0,0,0,6,0,0,0,0,0,0,3,0,0,1,3,1,1,1,2,,,,1,1,1,2,,,,1,1,1,2,,,,1,1,1,2,,,
7,NCT OF DELHI,96,WEST,450,PUNJABI BAGH,63998,Nilothi (CT),8782,43371,23256,20115,4805,2517,2288,0,0,0,2009,III,CT,PUNJABI BAGH,WEST,3.9,8782,4805,0,0,0,0,0,0,0,0,0,0,0,0,0,722,0,1256,74,1480,17.8,3079,108,22888,643.4,43371,89.5,11178,855,813,865,617,40.9,8.9,DELHI SECRETARIATE,29,RAMPURA,15,PUNJABI BAGH ,6,DMC(U),2,DMC(U),2,NANGLOI,5,Nilothi ,0,2.8,0,3,30,9000,0,0,TT,BWP,,TW/B,BWP,,,,,,,,,,,2,DMC (U),3,9000,,,,,0,0,0,0,0,0,5,0,0,0,0,0,0,5,0,0,0,0,0,0,5,0,0,0,0,0,0,5,0,0,0,0,0,0,5,0,0,0,0,0,0,4,0,0,0,0,0,0,19,0,0,0,0,0,0,4,0,0,0,0,0,0,4,0,0,0,0,0,0,6,0,0,0,0,0,0,2,0,0,0,1,1,1,1,5,,,,1,1,1,3,,,,1,1,1,3,,,,1,1,1,3,,,
7,NCT OF DELHI,96,WEST,450,PUNJABI BAGH,63999,Nangloi Jat (CT),39410,205596,110056,95540,49088,25749,23339,0,0,0,2009,I,CT,PUNJABI BAGH,WEST,6.7,39410,49088,0,0,0,0,0,0,0,0,0,0,0,0,0,3925,0,18201,363.7,37623,106.7,76063,102.2,150948,98.5,205596,36.2,30686,846,826,868,617,40.9,8.9,DELHI SECRETARIATE,27,RAMPURA,14,PUNJABI BAGH ,4,DMC(U),2,DMC(U),2,NANGLOI,0,Nangloi Jat ,0,18,0,1,0,40000,0,0,TT,OHT,,TW/B,BWP,,,,,,,,,,,2,DMC (U),2,40000,600,2000,2000,0,0,0,0,0,0,0,6,0,0,0,0,0,0,6,3,0,8,6,20,20,,1,10,2,2,8,8,,0,0,0,0,0,0,6,0,0,0,0,0,0,6,0,0,0,0,0,0,18,13,100,25,23,80,65,,1,0,8,8,16,16,,0,0,0,0,0,0,7,0,0,0,0,0,0,3,3,0,0,15,1,5,1,6,,,,1,6,1,10,,,,1,6,1,10,,,,1,2,1,2,,,
7,NCT OF DELHI,96,WEST,450,PUNJABI BAGH,64000,Quammruddin Nagar (CT),4923,25126,13530,11596,2056,1095,961,0,0,0,2009,III,CT,PUNJABI BAGH,WEST,2.4,4923,2056,0,0,0,0,0,0,0,0,0,0,0,0,0,813,0,1166,43.4,1711,46.7,8356,388.4,10235,22.5,25126,145.5,10469,812,805,857,617,40.9,8.9,DELHI SECRETARIATE,29,RAM PURA,13,PUNJABI BAGH ,4,DMC(U),2,DMC(U),2,NANGLOI,3,Quammruddin Nagar ,0,15,0,3,25,5000,0,0,TT,OHT,200000,TW/B,BWP,,,,,,,,,,,2,DMC (U),3,5000,,,,,0,0,0,0,0,0,4,0,0,0,0,0,0,4,0,0,0,0,0,0,4,1,10,3,3,12,12,,0,0,0,0,0,0,4,0,0,0,0,0,0,4,0,0,0,0,0,0,18,0,0,0,0,0,0,4,0,0,0,0,0,0,4,0,0,0,0,0,0,6,0,0,0,0,0,0,4,0,0,0,10,1,1,1,4,,,,2,0,1,7,,,,2,0,1,2,,,,2,0,1,1,,,
7,NCT OF DELHI,96,WEST,450,PUNJABI BAGH,64001,Mundka (CT),10615,54541,29473,25068,9131,4812,4319,0,0,0,2009,II,CT,PUNJABI BAGH,WEST,11.9,10615,9131,0,0,0,0,0,0,0,0,0,0,0,0,0,3839,0,4888,27.3,7239,48.1,17380,140.1,43873,152.4,54541,24.3,4583,791,777,851,617,40.9,8.9,DELHI SECRETARIATE,28,RAMPURA,14,PUNJABI BAGH,4,DMC(U),5,DMC(U),5,NANGLOI,6,Mundka ,0,20,0,3,0,10000,0,0,TT,OHT,200000,TW/B,BWP,,,,,,,,,,,2,DMC (U),2,11000,,,,,0,0,0,0,0,0,8,0,0,0,0,0,0,8,1,1,1,1,6,6,,1,10,2,2,8,8,,0,0,0,0,0,0,10,0,0,0,0,0,0,10,0,0,0,0,0,0,13,0,0,0,0,0,0,6,1,0,6,5,12,12,,0,0,0,0,0,0,5,0,0,0,0,0,0,4,0,0,0,4,1,2,1,8,,,,2,0,1,8,,,,1,1,1,6,,,,1,1,1,2,,,
7,NCT OF DELHI,96,WEST,450,PUNJABI BAGH,64002,Bakkar Wala (CT),3422,18122,9729,8393,5251,2765,2486,0,0,0,2009,IV,CT,PUNJABI BAGH,WEST,6.6,3422,5251,0,0,0,0,0,0,0,0,0,0,0,0,0,1311,0,1284,-2.1,2739,113.3,3159,15.3,5219,65.2,18122,247.2,2742,856,846,863,617,40.9,8.9,DELHI SECRETARIATE,24,RAM PURA,10,PUNJABI BAGH,9,DMC(U),8,DMC(U),8,MUNDKA,3,Bakkar Wala,0,60,8,1,0,3500,0,0,TT,OHT,,HP,,,,,,,,,,,,2,DMC (U),8,3500,,,,,0,0,0,0,0,0,16,0,0,0,0,0,0,8,0,0,0,0,0,0,1.5,1,8,2,2,9,9,,0,0,0,0,0,0,8,0,0,0,0,0,0,8,0,0,0,0,0,0,8,0,0,0,0,0,0,8,0,0,0,0,0,0,2.5,0,0,0,0,0,0,8,0,0,0,0,0,0,3,0,0,0,2,1,2,1,1,,,,1,1,1,1,,,,1,1,1,1,,,,1,1,1,1,,,
7,NCT OF DELHI,96,WEST,450,PUNJABI BAGH,64003,Tikri Kalan (CT),3455,16313,9247,7066,2076,1178,898,0,0,0,2009,IV,CT,PUNJABI BAGH,WEST,9.7,3455,2076,0,0,0,0,0,0,0,0,0,0,0,0,0,2677,0,4357,62.8,4545,4.3,5402,18.9,14191,162.7,16313,15,1685,816,586,764,617,40.9,8.9,DELHI SECRETARIATE,34,RAMPURA,15,PUNJABI BAGH,8,DMC(U),10,DMC(U),10,NANGLOI,10,Tikri Kalan ,0,16,0,1,0,3500,0,0,TT,OHT,,HP,,,,,,,,,,,,2,DMC (U),10,3500,100,40,250,0,0,0,0,0,0,0,14,0,0,0,0,0,0,14,1,0,1,1,5,5,,1,10,3,3,12,12,,0,0,0,0,0,0,14,0,0,0,0,0,0,14,0,0,0,0,0,0,14,0,0,0,0,0,0,10,1,0,2,2,4,4,,0,0,0,0,0,0,7,0,0,0,0,0,0,3,0,0,0,2,1,1,1,2,,,,1,1,1,1,,,,1,1,1,1,,,,1,1,2,0,,,
7,NCT OF DELHI,97,SOUTH-WEST,451,NAJAFGARH,64045,Jharoda Kalan (CT),3640,19578,10401,9177,3322,1767,1555,0,0,0,2009,IV,CT,NAJAFGARH,SOUTH WEST,12.5,3640,3322,0,0,0,0,0,0,0,0,0,0,0,0,0,2989,0,3766,26,8148,116.4,11685,43.4,14774,26.4,19578,32.5,1573,841,876,882,617,40.9,8.9,DELHI SECRETARIATE,35,KAPASHERA,13,NAJAFGARH,12,DMC(U),10,DMC(U),10,NANGLOI,15,Jharoda Kalan ,0,10,0,3,1000,3400,0,0,TT,OHT,11356,HP,,,,,,,,,,,,2,DMC (U),4,3500,0,200,300,0,0,0,0,0,0,0,14,0,0,0,0,0,0,14,1,0,1,1,3,3,,1,10,3,3,15,15,,0,0,0,0,0,0,4,0,0,0,0,0,0,4,0,0,0,0,0,0,4,0,0,0,0,0,0,4,1,0,3,3,8,8,,0,0,0,0,0,0,4,0,0,0,0,0,0,2,4,0,1,10,1,2,1,3,,,,1,2,1,3,,,,1,2,1,2,,,,1,2,1,2,,,
7,NCT OF DELHI,97,SOUTH-WEST,451,NAJAFGARH,64046,Kair (CT),787,4074,2221,1853,513,275,238,0,0,0,2009,VI,CT,NAJAFGARH,SOUTH WEST,4.4,787,513,0,0,0,0,0,0,0,0,0,0,0,0,0,2109,0,2604,23.5,2982,14.5,3742,25.5,4008,7.1,4074,1.6,920,852,839,834,617,40.9,8.9,DELHI SECRETARIATE,36,KAPASHERA,14,NAJAFGARH,10,DMC(U),9,DMC(U),9,NANGLOI,15,Kair,0,8,0,3,400,200,0,0,TT,OHT,11356,TW/B,BWP,,,,,,,,,,,2,DMC (U),2,600,0,4,90,0,0,0,0,0,0,0,4,0,0,0,0,0,0,15,2,0,4,4,10,10,,0,0,0,0,0,0,5,0,0,0,0,0,0,5,0,0,0,0,0,0,5,0,0,0,0,0,0,4,0,0,0,0,0,0,3,0,0,0,0,0,0,3,0,0,0,0,0,0,5,0,0,0,0,0,0,3,0,0,0,0,1,3,1,2,,,,1,3,2,0,,,,1,2,2,0,,,,1,1,2,0,,,
7,NCT OF DELHI,97,SOUTH-WEST,451,NAJAFGARH,64047,Jaffar Pur Kalan (CT),1248,6573,3476,3097,2278,1181,1097,0,0,0,2009,V,CT,NAJAFGARH,SOUTH WEST,3.4,1248,2278,0,0,0,0,0,0,0,0,0,0,0,0,0,972,0,1240,27.6,2006,61.8,2191,9.2,5065,131.2,6573,29.8,1910,868,799,891,617,40.9,8.9,DELHI SECRETARIATE,39,KAPASHERA,17,NAJAFGARH,5,DMC(U),10,DMC(U),10,BIJWASAN,12,Jaffar Pur Kalan,0,3,0,1,4,4,0,0,TT,BWP,,HP,,,,,,,,,,,,1,,,2032,0,0,256,0,1,100,101,86,52,38,,1,0,2,2,4,4,,2,0,5,4,16,14,,1,10,4,4,12,12,,0,0,0,0,0,0,3,0,0,0,0,0,0,4,0,0,0,0,0,0,14,0,0,0,0,0,0,13,0,0,0,0,0,0,3,0,0,0,0,0,0,10,0,0,0,0,0,0,3,0,0,0,0,1,2,1,1,,,,1,1,2,0,,,,1,1,2,0,,,,1,1,1,1,,,
7,NCT OF DELHI,97,SOUTH-WEST,451,NAJAFGARH,64048,Ujwa (CT),914,4856,2601,2255,764,406,358,0,0,0,2009,VI,CT,NAJAFGARH,SOUTH WEST,7,914,764,0,0,0,0,0,0,0,0,0,0,0,0,0,1724,0,1551,-10,3084,98.8,3874,25.6,4273,10.3,4856,13.6,695,873,863,867,617,40.9,8.9,DELHI SECRETARIATE,42,KAPASHERA,20,NAJAFGARH,6,DMC(U),13,DMC(U),13,BIJWASAN,15,Ujwa ,0,3,0,1,4,4,0,0,TT,BWP,,HP,,,,,,,,,,,,2,JAFFARPUR KALAN,3,1000,0,1,215,0,0,0,0,0,0,0,3,0,0,0,0,0,0,13,1,0,1,1,4,4,,0,0,0,0,0,0,3,0,0,0,0,0,0,3,0,0,0,0,0,0,3,0,0,0,0,0,0,13,0,0,0,0,0,0,13,1,0,2,2,4,4,,0,0,0,0,0,0,11,0,0,0,0,0,0,3,0,0,0,1,1,2,1,2,,,,1,3,2,0,,,,1,1,2,0,,,,1,1,2,0,,,
7,NCT OF DELHI,97,SOUTH-WEST,451,NAJAFGARH,64049,Mitraon (CT),1256,6512,3438,3074,1543,792,751,0,0,0,2009,V,CT,NAJAFGARH,SOUTH WEST,8.8,1256,1543,0,0,0,0,0,0,0,0,0,0,0,0,0,2214,0,2890,30.5,3666,26.9,4455,21.5,4876,9.5,6512,33.6,741,883,861,894,617,40.9,8.9,DELHI SECRETARIATE,35,KAPASHERA,21,NAJAFGARH,5,DMC(U),3,DMC(U),3,NANGLOI,15,Mitraon ,0,10,0,3,800,1200,0,0,TT,OHT,,HP,,,,,,,,,,,,2,JAFFARPUR KALAN,2,2000,15,20,980,0,0,0,0,0,0,0,5,0,0,0,0,0,0,12,1,0,1,1,4,4,,0,0,0,0,0,0,3,0,0,0,0,0,0,3,0,0,0,0,0,0,3,0,0,0,0,0,0,3,0,0,0,0,0,0,3,1,0,4,4,8,8,,0,0,0,0,0,0,3,0,0,0,0,0,0,3,2,1,1,2,1,3,2,0,,,,1,4,2,0,,,,1,3,2,0,,,,1,1,2,0,,,
7,NCT OF DELHI,97,SOUTH-WEST,451,NAJAFGARH,64050,Khera (CT),1430,7220,3860,3360,1170,611,559,0,0,0,2009,V,CT,NAJAFGARH,SOUTHV WEST,2.8,1430,1170,0,0,0,0,0,0,0,0,0,0,0,0,0,1505,0,2080,38.2,2696,29.6,3533,31,6208,75.7,7220,16.3,2615,875,838,870,617,40.9,8.9,DELHI SECRETARIATE,33,KAPASHERA,21,NAJAFGARH,3,DMC(U),2,DMC(U),2,BIJWASAN,15,Khera ,0,8,0,3,600,1000,0,0,TT,OHT,,TW/B,BWP,,,,,,,,,,,2,JAFFARPUR KALAN,2,2000,100,50,900,20,0,0,0,0,0,0,9,0,0,0,0,0,0,9,1,0,1,1,4,4,,0,0,0,0,0,0,2,0,0,0,0,0,0,2,0,0,0,0,0,0,2,0,0,0,0,0,0,2,0,0,0,0,0,0,2,0,0,0,0,0,0,2,0,0,0,0,0,0,2,0,0,0,0,0,0,4,2,2,1,3,1,2,1,2,,,,1,1,1,2,,,,1,1,1,2,,,,2,0,2,0,1,DMC(U),3
7,NCT OF DELHI,97,SOUTH-WEST,451,NAJAFGARH,64051,Dindar Pur (CT),6879,35856,19121,16735,4277,2279,1998,0,0,0,2009,III,CT,NAJAFGARH,SOUTH WEST,3.9,6879,4277,0,0,0,0,0,0,0,0,0,0,0,0,0,844,0,1523,80.5,1724,13.2,3025,75.5,12216,303.8,35856,193.5,9112,841,826,875,617,40.9,8.9,DELHI SECRETARIATE,25,KAPASHERA,15,NAJAFGARH,2,DMC(U),2,DMC(U),2,BIJWASAN,13,Dindar Pur ,0,10,0,3,1000,7000,0,0,TT,OHT,,HP,,,,,,,,,,,,2,DMC (U),2,6000,100,500,1000,20,0,0,0,0,0,0,10,0,0,0,0,0,0,10,1,0,2,1,10,6,,0,0,0,0,0,0,2,0,0,0,0,0,0,2,0,0,0,0,0,0,2,0,0,0,0,0,0,2,0,0,0,0,0,0,2,0,0,0,0,0,0,2,0,0,0,0,0,0,2,0,0,0,0,0,0,4,2,2,2,3,1,2,1,4,,,,1,1,1,4,,,,1,1,1,2,,,,1,1,1,1,,,
7,NCT OF DELHI,97,SOUTH-WEST,451,NAJAFGARH,64052,Roshan Pura alias Dichaon Khurd (CT),10956,57217,30474,26743,8039,4245,3794,0,0,0,2009,II,CT,NAJAFGARH,SOUTH WEST,2.8,10956,8039,0,0,0,0,0,0,0,0,0,0,0,0,0,598,0,1473,146.3,5122,247.7,13870,170.8,38581,178.2,57217,48.3,20435,839,842,878,617,40.9,8.9,DELHI SECRETARIATE,27,KAPASHERA,18,NAJAFGARH,2,DMC(U),1,DMC(U),1,BIJWASAN,14,Roshan Pura alias Dichaon Khurd ,0,10,0,3,1500,10000,0,0,TT,OHT,,TW/B,BWP,,,,,,,,,,,1,,,11000,130,550,1200,30,0,0,0,0,0,0,10,0,0,0,0,0,0,10,1,0,2,2,12,8,,0,0,0,0,0,0,2,0,0,0,0,0,0,2,0,0,0,0,0,0,2,0,0,0,0,0,0,2,0,0,0,0,0,0,2,0,0,0,0,0,0,2,0,0,0,0,0,0,2,0,0,0,0,0,0,2,3,3,3,5,1,2,1,3,,,,1,1,1,3,,,,1,1,1,2,,,,1,1,1,1,,,
7,NCT OF DELHI,97,SOUTH-WEST,451,NAJAFGARH,64053,Nangli Sakrawati (CT),7410,37706,20454,17252,4558,2410,2148,0,0,0,2009,III,CT,NAJAFGARH,SOUTH WEST,3.1,7410,4558,0,0,0,0,0,0,0,0,0,0,0,0,0,789,0,152,-80.7,2442,1506.6,4363,78.7,21873,401.3,37706,72.4,12302,665,739,843,617,40.9,8.9,DELHI SECRETARIATE,31,KAPASHERA,16,NAJAFGARH,1,DMC(U),1,DMC(U),1,PALAM,12,Nangli Sakrawati ,0,6,0,3,700,7000,0,0,TT,OHT,,TW/B,BWP,,,,,,,,,,,2,DMC (U),2,8000,300,100,950,0,0,0,0,0,0,0,13,0,0,0,0,0,0,13,1,0,2,2,6,6,,1,7,2,2,8,8,,0,0,0,0,0,0,1,0,0,0,0,0,0,1,0,0,0,0,0,0,1,0,0,0,0,0,0,1,0,0,0,0,0,0,1,0,0,0,0,0,0,1,0,0,0,0,0,0,1,0,0,2,15,1,2,1,2,,,,1,1,1,2,,,,2,0,1,1,,,,2,0,2,0,1,DMC(U),1
7,NCT OF DELHI,97,SOUTH-WEST,451,NAJAFGARH,64054,Chhawala (CT),2733,14662,8584,6078,1549,853,696,0,0,0,2009,IV,CT,NAJAFGARH,SOUTH WEST.,7.1,2733,1549,0,0,0,0,0,0,0,0,0,0,0,0,0,2241,0,3339,49,4355,30.4,7521,72.7,9047,20.3,14662,62.1,2065,651,755,708,617,40.9,8.9,DELHI SECRETARIATE,40,KAPASHERA,11,NAJAFGARH,6,DMC(U),6,DMC(U),6,BIJWASAN,6,Chhawala ,0,18,0,3,800,2700,0,0,TT,OHT,,TW/B,BWP,,,,,,,,,,,2,DMC (U),6,2800,0,80,,0,0,0,0,0,0,0,12,0,0,0,0,0,0,10,1,4,1,1,5,5,,0,0,0,0,0,0,10,0,0,0,0,0,0,10,0,0,0,0,0,0,10,0,0,0,0,0,0,10,0,0,0,0,0,0,10,1,0,2,2,6,6,,0,0,0,0,0,0,10,0,0,0,0,0,0,2,1,1,0,3,1,1,1,1,,,,1,1,2,0,,,,1,1,2,0,,,,1,1,2,0,,,
7,NCT OF DELHI,97,SOUTH-WEST,452,DELHI CANTONMENT,64055,Moradabad Pahari (CT),5184,21502,11364,10138,2294,1227,1067,0,0,0,2009,III,CT,DELHI CANTONMENT,SOUTH WEST,1.2,5184,2294,0,0,0,0,0,0,0,0,0,0,0,0,0,Uninhabited,0,28,NA,151,439.3,650,330.5,22401,3346.3,21502,-4,18130,471,858,892,617,40.9,8.9,DELHI SECRETARIATE,35,KAPASHERA,2,DELHI CANTT.,10,DELHI CANTT.,1,DMC(U),1,DELHI CANTT.,3,Moradabad Pahari,0,7,0,3,0,6000,0,0,TT,SR,,TW/B,BWP,,,,,,,,,,,2,DMC (U),4,5000,0,70,500,0,1,50,8,8,36,35,,0,0,0,0,0,0,2,2,0,4,4,12,12,,0,0,0,0,0,0,2,0,0,0,0,0,0,2,0,0,0,0,0,0,2,0,0,0,0,0,0,2,1,10,4,4,12,12,,0,0,0,0,0,0,2,0,0,0,0,0,0,2,0,0,0,0,0,0,2,0,0,0,0,2,0,1,1,,,,2,0,2,0,1,DMC(U),4,2,0,2,0,1,DMC(U),4,2,0,2,0,1,DMC(U),4
7,NCT OF DELHI,97,SOUTH-WEST,0,DELHI CANTONMENT,800443,Delhi Cantonment (CB),23751,110351,63757,46594,16497,8658,7839,0,0,0,2009,I,CB,DELHI CANTONMENT,SOUTH WEST,42.6,23751,16497,0,0,0,0,0,0,0,0,0,23140,0,40950,76.97,36105,0,57339,58.8,85166,48.5,94393,10.8,124917,32.3,110351,-11.7,2592,638,647,731,617,40.9,8.9,DELHI SECRETARIATE,4,KAPASHERA,0,DELHI CANTT,12,DELHI CANTT,6,DMC(U),3,DELHI CANTT,2,Delhi Cantonment,0,144,0,3,,22000,0,18,TT,SR,21744,TW/B,BWP,,,,,,,,,,,1,,,24000,,100,,,4,2128,380,278,1259,1254,,0,0,0,0,0,0,0,21,30,27,27,110,110,,1,30,2,2,8,8,,0,0,0,0,0,0,5,0,0,0,0,0,0,5,1,20,6,6,18,18,,1,7,4,3,10,10,,1,0,6,6,12,12,,1,0,1,1,2,2,,0,0,0,0,0,0,2,0,0,0,0,1,28,1,3,,,,1,25,1,3,,,,1,20,1,3,,,,1,14,1,3,,,
7,NCT OF DELHI,97,SOUTH-WEST,453,VASANT VIHAR,64056,Kusum Pur (CT),3782,17028,9170,7858,9960,5274,4686,0,0,0,2009,IV,CT,VASANT VIHAR,SOUTH WEST,1.7,3782,9960,0,0,0,0,0,0,0,0,0,0,0,0,0,Uninhabited,0,24,NA,1605,6587.5,34,-97.9,15372,45111.8,17028,10.8,10258,700,795,857,617,40.9,8.9,DELHI SECRETARIATE,32,KAPASHERA,2,VASANT VIHAR,6,DMC(U),2,DMC(U),2,BIJWASAN,6,Kusum Pur ,0,9,0,3,0,3500,0,0,TT,BWP,,HP,,,,,,,,,,,,2,DMC (U),4,4000,0,0,,0,0,0,0,0,0,0,2,0,0,0,0,0,0,2,0,0,0,0,0,0,2,0,0,0,0,0,0,2,0,0,0,0,0,0,2,0,0,0,0,0,0,2,0,0,0,0,0,0,38,0,0,0,0,0,0,5,1,0,3,2,6,6,,0,0,0,0,0,0,3,0,0,0,0,0,0,2,0,0,0,0,1,1,1,1,,,,1,1,2,0,,,,2,0,1,1,,,,2,0,1,1,,,
7,NCT OF DELHI,97,SOUTH-WEST,453,VASANT VIHAR,64057,Malik Pur Kohi alias Rang Puri (CT),5412,23726,12961,10765,3447,1833,1614,0,0,0,2009,III,CT,VASANT VIHAR,SOUTH WEST,7.5,5412,3447,0,0,0,0,0,0,0,0,0,0,0,0,0,2673,0,2943,10.1,4243,44.2,3251,-23.4,19297,493.6,23726,23,3163,869,841,831,617,40.9,8.9,DELHI SECRETARIATE,31,KAPASHERA,3,VASANT VIHAR,2,DMC(U),1,DMC(U),1,BIJWASAN,10,Malik Pur Kohi alias Rang Puri ,0,12,0,3,9000,6000,0,0,TT,BWP,,HP,,,,,,,,,,,,2,DMC (U),12,5500,,200,,,0,0,0,0,0,0,10,0,0,0,0,0,0,10,1,0,1,1,0,0,,0,0,0,0,0,0,10,0,0,0,0,0,0,12,0,0,0,0,0,0,10,0,0,0,0,0,0,25,0,0,0,0,0,0,5,1,0,3,3,8,8,,0,0,0,0,0,0,8,0,0,0,0,0,0,3,0,0,0,8,1,2,1,10,,,,2,0,2,0,1,DMC(U),1,2,0,2,0,1,DMC(U),1,2,0,2,0,1,DMC(U),1
7,NCT OF DELHI,97,SOUTH-WEST,453,VASANT VIHAR,64058,Sambhalka (CT),3912,17076,9639,7437,2565,1391,1174,0,0,0,2009,IV,CT,VASANT VIHAR,SOUTH WEST,3,3912,2565,0,0,0,0,0,0,0,0,0,0,0,0,0,1839,0,1561,-15.1,2592,66,4605,77.7,11061,140.2,17076,54.4,5692,678,648,772,617,40.9,8.9,DELHI SECRETARIATE,30,KAPASHERA ,2,VASANT VIHAR,3,DMC(U),1,DMC(U),1,BIJWASAN,6,Sambhalka,0,7,0,3,3000,4000,0,0,TT,BWP,,TW/B,BWP,,,,,,,,,,,2,DMC (U),9,4000,0,300,200,0,0,0,0,0,0,0,7,0,0,0,0,0,0,6,1,1,1,1,4,4,,0,0,0,0,0,0,6,0,0,0,0,0,0,6,0,0,0,0,0,0,6,1,10,4,3,12,12,,0,0,0,0,0,0,6,0,0,0,0,0,0,2,0,0,0,0,0,0,6,0,0,0,0,0,0,3,4,0,0,1,1,2,1,1,,,,1,1,1,1,,,,1,1,1,1,,,,1,1,1,1,,,
7,NCT OF DELHI,97,SOUTH-WEST,453,VASANT VIHAR,64059,Kapas Hera (CT),21370,74073,50123,23950,6503,4256,2247,0,0,0,2009,II,CT,VASANT VIHAR,SOUTH WEST,3.4,21370,6503,0,0,0,0,0,0,0,0,0,0,0,0,0,1521,0,2409,58.4,3900,61.9,7815,100.4,21617,176.6,74073,242.7,21786,773,587,478,617,40.9,8.9,DELHI SECRETARIATE,32,KAPASHERA,0,VASANT VIHAR,5,DMC(U),1,DMC(U),1,BIJWASAN,6,Kapas Hera ,0,7,0,3,3000,20000,0,0,TT,SR,,TW/B,BWP,,,,,,,,,,,2,DMC (U),7,22000,0,500,800,0,0,0,0,0,0,0,5,0,0,0,0,0,0,5,2,0,0,0,0,0,,0,0,0,0,0,0,5,0,0,0,0,0,0,5,0,0,0,0,0,0,5,0,0,0,0,0,0,15,0,0,0,0,0,0,5,1,0,8,7,16,16,,0,0,0,0,0,0,5,0,0,0,0,0,0,3,50,3,0,25,1,3,2,0,,,,1,1,1,1,,,,1,1,1,1,,,,1,1,1,1,,,
7,NCT OF DELHI,97,SOUTH-WEST,453,VASANT VIHAR,64060,Rajokri (CT),4430,19148,10640,8508,3869,2122,1747,0,0,0,2009,IV,CT,VASANT VIHAR,SOUTH WEST,8.6,4430,3869,0,0,0,0,0,0,0,0,0,0,0,0,0,1944,0,5773,197,5759,-0.2,11766,104.3,12761,8.5,19148,50.1,2227,708,778,800,617,40.9,8.9,DELHI SECRETARIATE,35,KAPASHERA,6,VASANT VIHAR,9,DMC(U),5,DMC(U),5,BIJWASAN,8,Rajokri ,0,10,0,3,6000,4500,0,0,TT,BWP,,TW/B,BWP,,,,,,,,,,,2,DMC (U),12,5000,0,700,1000,0,0,0,0,0,0,0,5,0,0,0,0,0,0,5,2,0,5,5,16,16,,0,0,0,0,0,0,6,0,0,0,0,0,0,5,0,0,0,0,0,0,5,0,0,0,0,0,0,16,0,0,0,0,0,0,6,1,0,3,2,6,6,,0,0,0,0,0,0,6,0,0,0,0,0,0,4,0,0,0,9,1,3,2,0,,,,1,2,1,1,,,,1,2,1,1,,,,1,2,2,0,,,
7,NCT OF DELHI,97,SOUTH-WEST,453,VASANT VIHAR,64061,Ghitorni (CT),2928,14893,8302,6591,1603,867,736,0,0,0,2009,IV,CT,VASANT VIHAR,SOUTH WEST,4.3,2928,1603,0,0,0,0,0,0,0,0,0,0,0,0,0,2369,0,3057,29,4686,53.3,6254,33.5,9152,46.3,14893,62.7,3463,829,749,794,617,40.9,8.9,DELHI SECRETARIATE,32,KAPASHERA,8,VASANT VIHAR,11,DMC(U),3,DMC(U),3,BIJWASAN,10,Ghitorni ,0,2,0,3,1500,3000,0,0,TT,BWP,,TW/B,BWP,,,,,,,,,,,2,DMC (U),10,3000,0,500,600,0,0,0,0,0,0,0,6,0,0,0,0,0,0,6,0,0,0,0,0,0,6,0,0,0,0,0,0,6,0,0,0,0,0,0,6,0,0,0,0,0,0,6,0,0,0,0,0,0,28,0,0,0,0,0,0,6,1,0,3,3,9,9,,0,0,0,0,0,0,6,0,0,0,0,0,0,5,0,0,0,0,1,2,1,2,,,,1,2,1,1,,,,1,2,1,1,,,,1,2,1,1,,,
7,NCT OF DELHI,98,SOUTH,454,HAUZ KHAS,64065,Aya Nagar (CT),6757,33123,17916,15207,3637,1926,1711,0,0,0,2009,III,CT,HAUZ KHAS,SOUTH,8.2,6757,3637,0,0,0,0,0,0,0,0,0,0,0,0,0,1702,0,3275,92.4,4763,45.4,4405,-7.5,13925,216.1,33123,137.9,4050,892,824,849,617,40.9,8.9,DELHI SECRETARIATE,20,M B ROAD SAKET,9,HAUZ KHAS ,9,DMC(U),15,DMC(U),15,TULAKABAD,20,Aya Nagar,0,3,3,1,0,7000,0,0,TT,OHT,35,TW/B,BWP,,,,,,,,,,,2,DMC (U),20,7000,0,50,2500,500,0,0,0,0,0,0,12,0,0,0,0,0,0,1,0,0,0,0,0,0,1,0,0,0,0,0,0,1,0,0,0,0,0,0,1,0,0,0,0,0,0,1,0,0,0,0,0,0,10,0,0,0,0,0,0,5,0,0,0,0,0,0,1,0,0,0,0,0,0,1,0,0,0,0,0,0,3,6,0,1,10,1,1,1,3,,,,1,1,1,1,,,,1,1,2,0,,,,1,1,2,0,,,
7,NCT OF DELHI,98,SOUTH,454,HAUZ KHAS,64066,Jona Pur (CT),2028,10635,5847,4788,2583,1371,1212,0,0,0,2009,IV,CT,HAUZ KHAS,SOUTH,8.5,2028,2583,0,0,0,0,0,0,0,0,0,0,0,0,0,1071,0,1565,46.1,2762,76.5,4903,77.5,7419,51.3,10635,43.3,1251,802,753,819,617,40.9,8.9,DELHI SECRETARIATE,40,M B ROAD SAKET,10,HAUZ KHAS ,9,DMC(U),15,DMC(U),15,TUGLAKABAD,22,Jona Pur ,0,10,3,1,0,2000,0,0,TT,OHT,,TU,,,,HP,,,,,,,,2,DMC (U),16,2100,0,1200,200,0,0,0,0,0,0,0,10,0,0,0,0,0,0,3,1,0,0,0,0,0,,0,0,0,0,0,0,3,0,0,0,0,0,0,2,0,0,0,0,0,0,2,0,0,0,0,0,0,10,0,0,0,0,0,0,7,0,0,0,0,0,0,2,0,0,0,0,0,0,2,0,0,0,0,0,0,3,5,0,0,4,1,1,1,2,,,,1,1,1,1,,,,1,1,2,0,,,,1,1,2,0,,,
7,NCT OF DELHI,98,SOUTH,454,HAUZ KHAS,64067,Fateh Pur Beri (CT),1581,8861,4780,4081,935,474,461,0,0,0,2009,V,CT,HAUZ KHAS,SOUTH,4.7,1581,935,0,0,0,0,0,0,0,0,0,0,0,0,0,1026,0,1732,68.8,2228,28.6,1901,-14.7,10499,452.3,8861,-15.6,1893,909,840,854,617,40.9,8.9,DELHI SECRETARIATE,40,M B ROAD SAKET,9,HAUZ KHAS ,9,DMC(U),15,DMC(U),15,TUGLAKABAD,21,Fateh Pur Beri ,0,22,10,1,0,2000,0,0,TT,OHT,40,TW/B,BWP,,,HP,,,,,,,,2,DMC (U),15,1700,0,3000,800,0,0,0,0,0,0,0,11,0,0,0,0,0,0,1,1,0,2,2,0,0,,0,0,0,0,0,0,1,1,10,2,2,4,4,,1,10,4,4,12,12,,0,0,0,0,0,0,8,0,0,0,0,0,0,5,1,0,0,0,0,0,3,1,0,1,1,2,2,,0,0,0,0,0,0,3,6,0,1,11,1,1,1,3,,,,1,1,1,2,,,,1,2,2,0,,,,1,1,2,0,,,
7,NCT OF DELHI,98,SOUTH,454,HAUZ KHAS,64068,Dera Mandi (CT),3156,16725,8998,7727,3832,2033,1799,0,0,0,2009,IV,CT,HAUZ KHAS,SOUTH,17,3156,3832,0,0,0,0,0,0,0,0,0,0,0,0,0,2057,0,3009,46.3,4296,42.8,6739,56.9,10771,59.8,16725,55.3,985,844,825,859,617,40.9,8.9,DELHI SECRETARIATE,28,M B ROAD SAKET,12,HAUZ KHAS ,12,DMC(U),25,DMC(U),25,SAFDARJUMG,22,Dera Mandi,0,13,5,1,0,5000,0,0,TU,BWP,,HP,,,,TW/B,,,,,,,,2,DMC (U),22,3500,0,100,400,0,0,0,0,0,0,0,12,0,0,0,0,0,0,5,1,0,2,2,5,5,,0,0,0,0,0,0,5,0,0,0,0,0,0,5,0,0,0,0,0,0,5,0,0,0,0,0,0,12,0,0,0,0,0,0,7,0,0,0,0,0,0,3,0,0,0,0,0,0,3,0,0,0,0,0,0,4,6,0,0,2,1,1,1,1,,,,1,1,1,1,,,,1,1,2,0,,,,1,1,2,0,,,
7,NCT OF DELHI,98,SOUTH,454,HAUZ KHAS,64069,Bhati (CT),3727,18864,10114,8750,2301,1240,1061,0,0,0,2009,IV,CT,HAUZ KHAS,SOUTH,15.5,3727,2301,0,0,0,0,0,0,0,0,0,0,0,0,0,648,0,1102,70.1,4816,337,14326,197.5,15888,10.9,18864,18.7,1217,812,817,865,617,40.9,8.9,DELHI SECRETARIATE,32,M B ROAD SAKET,12,HAUZ KHAS ,4,DMC(U),30,DMC(U),30,SAROJANI NAGAR,20,Bhati ,0,15,5,1,0,3000,0,0,TU,BWP,,HP,,,,TW/B,,,,,,,,2,DMC (U),20,4000,0,0,100,0,0,0,0,0,0,0,15,0,0,0,0,0,0,5,1,0,2,2,5,5,,0,0,0,0,0,0,5,0,0,0,0,0,0,5,0,0,0,0,0,0,5,0,0,0,0,0,0,15,0,0,0,0,0,0,8,0,0,0,0,0,0,8,0,0,0,0,0,0,8,0,0,0,0,0,0,2,1,0,0,1,1,1,1,1,,,,2,0,2,0,1,FATEHPUR BERI,5,2,0,2,0,1,FATEHPUR BERI,5,2,0,2,0,1,FATEHPUR BERI,5
7,NCT OF DELHI,98,SOUTH,454,HAUZ KHAS,64070,Asola (CT),2502,13275,7160,6115,3032,1647,1385,0,0,0,2009,IV,CT,HAUZ KHAS,SOUTH,12,2502,3032,0,0,0,0,0,0,0,0,0,0,0,0,0,1676,0,3212,91.6,5173,61.1,5061,-2.2,5003,-1.1,13275,165.3,1106,829,789,854,617,40.9,8.9,DELHI SECRETARIATE,40,M B ROAD SAKET,9,HAUZ KHAS ,9,DMC(U),15,DMC(U),15,TUGLAKABAD,21,Asola ,0,25,5,1,0,3000,0,0,TU,SR,35,HP,,,,HP,,,,,,,,2,DMC (U),15,3000,0,2000,600,0,0,0,0,0,0,0,11,0,0,0,0,0,0,1,1,0,1,1,2,2,,0,0,0,0,0,0,1,1,10,2,2,4,4,,1,10,4,4,12,12,,0,0,0,0,0,0,8,0,0,0,0,0,0,5,1,0,2,2,4,4,,1,0,1,1,2,2,,0,0,0,0,0,0,5,6,0,1,10,1,1,1,3,,,,1,1,1,2,,,,1,1,2,0,,,,1,1,2,0,,,
7,NCT OF DELHI,98,SOUTH,454,HAUZ KHAS,64071,Chandan Hola (CT),1184,6780,3723,3057,161,91,70,0,0,0,2009,V,CT,HAUZ KHAS,SOUTH,0.8,1184,161,0,0,0,0,0,0,0,0,0,0,0,0,0,740,0,890,20.3,1383,55.4,2480,79.3,5484,121.1,6780,23.6,8475,837,711,821,617,40.9,8.9,DELHI SECRETARIATE,28,M B ROAD SAKET,8,HAUZ KHAS ,6,DMC(U),26,DMC(U),26,SAROJANI NAGAR,16,Chandan Hola,0,10,4,1,0,1000,0,0,TU,BWP,,HP,,,,TW/B,,,,,,,,2,DMC (U),16,1000,0,20,150,0,0,0,0,0,0,0,10,0,0,0,0,0,0,2,0,0,0,0,0,0,2,0,0,0,0,0,0,2,0,0,0,0,0,0,2,0,0,0,0,0,0,2,0,0,0,0,0,0,11,0,0,0,0,0,0,4,0,0,0,0,0,0,4,0,0,0,0,0,0,2,0,0,0,0,0,0,3,1,0,0,10,1,1,1,2,,,,2,0,2,0,1,FATEH PUR,2,2,0,2,0,1,FATEHPUR BERI,2,2,0,2,0,1,FATEH PUR BERI,2
7,NCT OF DELHI,98,SOUTH,454,HAUZ KHAS,64072,Sultan Pur (CT),3280,15160,8200,6960,1596,842,754,0,0,0,2009,IV,CT,HAUZ KHAS,SOUTH,2.9,3280,1596,0,0,0,0,0,0,0,0,0,0,0,0,0,2071,0,1831,-11.6,4177,128.1,8365,100.3,11364,35.9,15160,33.4,5228,720,743,849,617,40.9,8.9,DELHI SECRETARIATE,27,M B ROAD SAKET,6,HAUZ KHAS ,5,DMC(U),2,DMC(U),2,TUGLAKABAD,14,Sultan Pur ,0,10,0,1,0,3200,0,0,TU,BWP,,HP,,,,HP,,,,,,,,2,DMC (U),12,3500,0,300,400,0,0,0,0,0,0,0,13,0,0,0,0,0,0,13,1,0,2,2,5,5,,0,0,0,0,0,0,4,0,0,0,0,0,0,4,0,0,0,0,0,0,4,0,0,0,0,0,0,6,1,12,4,4,12,12,,0,0,0,0,0,0,5,0,0,0,0,0,0,13,0,0,0,0,0,0,3,2,0,0,2,1,2,2,0,,,,1,1,2,0,,,,1,1,2,0,,,,1,1,2,0,,,
7,NCT OF DELHI,98,SOUTH,454,HAUZ KHAS,64073,Chattar Pur (CT),9933,46776,25237,21539,6887,3664,3223,0,0,0,2009,III,CT,HAUZ KHAS,SOUTH,7.4,9933,6887,0,0,0,0,0,0,0,0,0,0,0,0,0,1793,0,2622,46.2,6504,148.1,11815,81.7,25354,114.6,46776,84.5,6330,728,775,853,617,40.9,8.9,DELHI SECRETARIATE,25,M B ROAD SAKET,4,HAUZ KHAS ,3,DMC(U),2,DMC(U),2,TUGLAKABAD,12,Chattar Pur ,0,25,0,1,0,10000,0,0,TU,BWP,,HP,,,,HP,,,,,,,,2,DMC (U),10,10000,5,350,500,0,0,0,0,0,0,0,11,0,0,0,0,0,0,11,4,0,4,4,0,0,,0,0,0,0,0,0,2,0,0,0,0,0,0,2,0,0,0,0,0,0,2,0,0,0,0,0,0,4,0,0,0,0,0,0,11,0,0,0,0,0,0,3,0,0,0,0,0,0,11,0,0,0,0,0,0,3,5,5,2,11,1,4,1,4,,,,1,2,2,0,,,,1,2,2,0,,,,1,2,2,0,,,
7,NCT OF DELHI,98,SOUTH,454,HAUZ KHAS,64074,Maidan Garhi (CT),2289,11111,5915,5196,2679,1416,1263,0,0,0,2009,IV,CT,HAUZ KHAS,SOUTH,7.7,2289,2679,0,0,0,0,0,0,0,0,0,0,0,0,0,1427,0,1958,37.2,3476,77.5,2773,-20.2,8159,194.2,11111,36.2,1452,894,818,878,617,40.9,8.9,DELHI SECRETARIATE,40,M B ROAD SAKET,7,HAUZ KHAS ,7,DMC(U),5,DMC(U),5,TUGLAKABAD,15,Maidan Garhi ,0,5,0,1,0,3000,0,0,TU,BWP,,HP,,,,HP,,,,,,,,2,DMC (U),8,2500,200,0,150,0,0,0,0,0,0,0,10,0,0,0,0,0,0,10,0,0,0,0,0,0,4,0,0,0,0,0,0,4,0,0,0,0,0,0,4,0,0,0,0,0,0,4,0,0,0,0,0,0,7,0,0,0,0,0,0,4,0,0,0,0,0,0,6,0,0,0,0,0,0,6,0,0,0,0,0,0,3,0,0,0,4,1,1,1,2,,,,1,1,1,2,,,,1,1,2,0,,,,2,0,2,0,1,SAI DUL AZAIAB,5
7,NCT OF DELHI,98,SOUTH,454,HAUZ KHAS,64075,Raj Pur Khurd (CT),2388,11161,6049,5112,866,460,406,0,0,0,2009,IV,CT,HAUZ KHAS,SOUTH,0.7,2388,866,0,0,0,0,0,0,0,0,0,0,0,0,0,468,0,621,32.7,Uninhabited,NA,2111,NA,6209,194.1,11161,79.8,15062,742,716,845,617,40.9,8.9,DELHI SECRETARIATE,26,M B ROAD SAKET,5,HAUZ KHAS ,5,DMC(U),22,DMC(U),22,TUGLAKABAD,11,Raj Pur Khurd,0,10,4,1,0,3000,0,0,TU,BWP,,HP,,,,TW/B,,,,,,,,2,DMC (U),12,2500,0,15,250,0,0,0,0,0,0,0,6,0,0,0,0,0,0,5,0,0,0,0,0,0,5,0,0,0,0,0,0,5,0,0,0,0,0,0,5,0,0,0,0,0,0,7,0,0,0,0,0,0,1,0,0,0,0,0,0,1,0,0,0,0,0,0,1,0,0,0,0,0,0,5,0,0,0,0,0,0,4,2,0,0,5,1,1,1,1,,,,2,0,2,0,1,FATEHPUR,5,2,0,2,0,1,DMC(U),2,2,0,2,0,1,DMC(U),2
7,NCT OF DELHI,98,SOUTH,454,HAUZ KHAS,64076,Deoli (CT),32344,169122,90914,78208,28276,14837,13439,0,0,0,2009,I,CT,HAUZ KHAS,SOUTH,10.1,32344,28276,0,0,0,0,0,0,0,0,0,0,0,0,0,4077,0,316,-92.2,5788,1731.6,33214,473.8,119468,259.7,169122,41.6,16745,815,794,860,617,40.9,8.9,DELHI SECRETARIATE,20,M B ROAD SAKET,5,HAUZ KHAS ,5,DMC(U),5,DMC(U),5,TUGLAKABAD,8,Deoli ,0,5,10,1,0,32000,0,0,TU,BWP,,HP,,,,,,,,,,,,2,DMC (U),10,33000,0,2500,1500,0,0,0,0,0,0,0,4,0,0,0,0,0,0,3,2,0,5,5,15,15,,0,0,0,0,0,0,1,0,0,0,0,0,0,1,0,0,0,0,0,0,3,0,0,0,0,0,0,8,0,0,0,0,0,0,3,0,0,0,0,0,0,3,0,0,0,0,0,0,1,0,0,0,0,0,0,1,6,0,1,10,1,1,1,2,,,,1,1,1,5,,,,1,1,1,3,,,,1,1,1,1,,,
7,NCT OF DELHI,98,SOUTH,454,HAUZ KHAS,64077,Neb Sarai (CT),3433,15640,8219,7421,2056,1040,1016,0,0,0,2009,IV,CT,HAUZ KHAS,SOUTH,2.4,3433,2056,0,0,0,0,0,0,0,0,0,0,0,0,0,726,0,1618,122.9,1715,6,2736,59.5,11541,321.8,15640,35.5,6616,814,714,903,617,40.9,8.9,DELHI SECRETARIATE,20,M B ROAD SAKET,4,HAUZ KHAS ,4,DMC(U),5,DMC(U),5,TUGLAKABAD,10,Neb Sarai ,0,8,0,1,0,3500,0,0,TU,BWP,,HP,,,,HP,,,,,,,,2,DMC (U),15,3500,0,1000,500,0,0,0,0,0,0,0,5,0,0,0,0,0,0,5,0,0,0,0,0,0,1,0,0,0,0,0,0,1,0,0,0,0,0,0,1,0,0,0,0,0,0,1,0,0,0,0,0,0,1,0,0,0,0,0,0,5,0,0,0,0,0,0,5,1,0,1,1,2,2,,0,0,0,0,0,0,2,6,0,1,10,1,1,1,3,,,,1,1,1,2,,,,1,2,2,0,,,,1,1,2,0,,,
7,NCT OF DELHI,98,SOUTH,454,HAUZ KHAS,64078,Saidul Azaib (CT),4279,17914,9641,8273,1701,920,781,0,0,0,2009,IV,CT,HAUZ KHAS,SOUTH,1.2,4279,1701,0,0,0,0,0,0,0,0,0,0,0,0,0,493,0,654,32.7,1098,67.9,4488,308.7,14080,213.7,17914,27.2,14928,793,654,858,617,40.9,8.9,DELHI SECRETARIATE,20,M B ROAD SAKET,2,HAUZ KHAS ,7,DMC(U),7,DMC(U),7,TUGLAKABAD,18,Saidul Azaib ,0,10,3,1,0,4000,0,0,TU,OHT,30000,HP,,,,,,,,,,,,2,DMC (U),15,4500,200,100,500,0,2,118,14,14,60,60,,0,0,0,0,0,0,6,0,0,0,0,0,0,1,0,0,0,0,0,0,1,0,0,0,0,0,0,1,0,0,0,0,0,0,1,0,0,0,0,0,0,3,1,12,4,3,12,12,,0,0,0,0,0,0,3,0,0,0,0,0,0,3,0,0,0,0,0,0,2,6,0,1,10,1,1,1,2,,,,1,1,1,2,,,,1,1,1,1,,,,2,0,2,0,1,DMC(U),3
7,NCT OF DELHI,98,SOUTH,454,HAUZ KHAS,64079,Tigri (CT),8955,46974,25407,21567,19904,10507,9397,0,0,0,2009,III,CT,HAUZ KHAS,SOUTH,1.1,8955,19904,0,0,0,0,0,0,0,0,0,0,0,0,0,Uninhabited,0,3714,NA,17228,363.9,34416,99.8,44897,30.5,46974,4.6,42704,757,835,849,617,40.9,8.9,DELHI SECRETARIATE,22,M B ROAD SAKET,2,HAUZ KHAS ,4,DMC(U),3,DMC(U),3,TUGLAKA BAD,6,Tigri ,0,7,0,1,0,9000,0,0,TW,BWP,,HP,,,,,,,,,,,,2,DMC (U),10,9000,0,700,250,0,0,0,0,0,0,0,10,0,0,0,0,0,0,10,3,0,6,6,20,20,,1,12,3,3,12,12,,0,0,0,0,0,0,2,0,0,0,0,0,0,2,0,0,0,0,0,0,5,1,15,5,3,10,10,,0,0,0,0,0,0,2,0,0,0,0,0,0,3,0,0,0,0,0,0,3,0,0,0,5,1,1,1,2,,,,1,1,1,2,,,,2,0,2,0,1,DMC(U),3,2,0,2,0,1,DMC(U),3
7,NCT OF DELHI,98,SOUTH,455,DEFENCE COLONY,64080,Saidabad (CT),2463,10168,5394,4774,689,389,300,0,0,0,2009,IV,CT,DEFENCE COLONY,SOUTH,2.2,2463,689,0,0,0,0,0,0,0,0,0,0,0,0,0,251,0,654,160.6,33,-95,706,2039.4,9520,1248.4,10168,6.8,4651,496,876,885,617,40.9,8.9,DELHI SECRETARIATE,20,M B ROAD SAKET,14,DEFENCE COLONY,8,DMC(U),8,DMC(U),8,TUGLAKA BAD,4,Saidabad ,0,8,0,3,0,2500,0,0,TT,OHT,15000,HP,,,,,,,,,,,,2,DMC (U),1,2600,0,425,550,0,0,0,0,0,0,0,1,0,0,0,0,0,0,7,0,0,0,0,0,0,1,0,0,0,0,0,0,1,0,0,0,0,0,0,8,0,0,0,0,0,0,8,0,0,0,0,0,0,10,0,0,0,0,0,0,10,0,0,0,0,0,0,1,0,0,0,0,0,0,14,0,0,0,0,0,0,3,0,0,0,3,1,1,1,2,,,,1,2,2,0,,,,1,1,2,0,,,,1,1,2,0,,,
7,NCT OF DELHI,98,SOUTH,456,KALKAJI,64081,Kotla Mahigiran (CT),1845,7376,3830,3546,438,228,210,0,0,0,2009,V,CT,KALKA JI,SOUTH,1.1,1845,438,0,0,0,0,0,0,0,0,0,0,0,0,0,284,0,55,-80.6,8,-85.5,134,1575,6273,4581.3,7376,17.6,6482,47,844,926,617,40.9,8.9,DELHI SECRETARIATE,29,M B ROAD SAKET,10, KALKA JI ,8,DMC(U),23,DMC(U),23,TUGLAKA BAD,4,Kotla Mahigiran ,0,12,0,1,0,1500,0,0,TU,BWP,,HP,,,,TW/B,,,,,,,,2,DMC (U),1,2000,0,0,,,0,0,0,0,0,0,1,0,0,0,0,0,0,12,0,0,0,0,0,0,1,0,0,0,0,0,0,3,0,0,0,0,0,0,3,0,0,0,0,0,0,3,0,0,0,0,0,0,4,0,0,0,0,0,0,3,0,0,0,0,0,0,3,0,0,0,0,0,0,12,0,0,0,0,0,0,8,4,2,1,2,2,0,1,1,,,,2,0,2,0,1,DMC(U),1,2,0,2,0,1,DMC(U),1,2,0,2,0,1,DMC(U),1
7,NCT OF DELHI,98,SOUTH,456,KALKAJI,64082,Pul Pehlad (CT),14734,69657,37991,31666,17836,9578,8258,0,0,0,2009,II,CT,KALKA JI,SOUTH,2.2,14734,17836,0,0,0,0,0,0,0,0,0,0,0,0,0,1128,0,5718,406.9,8788,53.7,14343,63.2,52856,268.5,69657,31.8,31662,791,785,834,617,40.9,8.9,DELHI SECRETARIATE,25,M B ROAD SAKET,14, KALKA JI ,0,DMC(U),20,DMC(U),20,TUGLAKA BAD,3,Pul Pehlad ,0,10,0,3,0,15000,0,0,TP,BWP,,HP,,,,TW/B,,,,,,,,2,DMC (U),4,15000,0,1500,500,0,0,0,0,0,0,0,4,0,0,0,0,0,0,18,0,0,0,0,0,0,2,0,0,0,0,0,0,9,0,0,0,0,0,0,9,0,0,0,0,0,0,9,0,0,0,0,0,0,12,0,0,0,0,0,0,1,0,0,0,0,0,0,2,0,0,0,0,0,0,12,0,0,0,0,0,0,8,5,2,1,5,1,16,1,8,,,,1,6,1,6,,,,1,2,1,2,,,,1,2,2,0,,,
7,NCT OF DELHI,98,SOUTH,456,KALKAJI,64083,Taj Pul (CT),13825,68796,37178,31618,10781,5663,5118,0,0,0,2009,II,CT,KALKA JI,SOUTH,1.2,13825,10781,0,0,0,0,0,0,0,0,0,0,0,0,0,492,0,3087,527.4,4920,59.4,5882,19.6,59643,914,68796,15.3,57330,742,792,850,617,40.9,8.9,DELHI SECRETARIATE,27,M B ROAD SAKET,14, KALKA JI ,14,DMC(U),20,DMC(U),20,TUGLAKA BAD,6,Taj Pul ,0,8,0,1,0,13000,0,0,TP,BWP,,HP,,,,HP,,,,,,,,2,DMC (U),6,14000,0,1000,400,0,0,0,0,0,0,0,4,0,0,0,0,0,0,8,1,0,5,3,0,0,,0,0,0,0,0,0,2,0,0,0,0,0,0,8,0,0,0,0,0,0,8,0,0,0,0,0,0,12,0,0,0,0,0,0,8,0,0,0,0,0,0,1,0,0,0,0,0,0,12,0,0,0,0,0,0,8,5,2,2,10,1,1,1,13,,,,2,0,1,5,,,,2,0,2,0,1,DMC(U),3,2,0,2,0,1,DMC(U),3
7,NCT OF DELHI,98,SOUTH,456,KALKAJI,64084,Mithe Pur (CT),14160,69837,37868,31969,6727,3573,3154,0,0,0,2009,II,CT,KALKA JI,SOUTH,1.8,14160,6727,0,0,0,0,0,0,0,0,0,0,0,0,0,415,0,1209,191.3,2023,67.3,9212,355.4,40642,341.2,69837,71.8,38798,743,790,844,617,40.9,8.9,DELHI SECRETARIATE,29,M B ROAD SAKET,10, KALKA JI ,8,DMC(U),23,DMC(U),23,TUGLAKABAD,6,Mithe Pur ,0,10,0,1,0,14000,0,0,TP,BWP,,HP,,,,TW/B,,,,,,,,2,DMC (U),5,14800,0,500,500,0,0,0,0,0,0,0,5,0,0,0,0,0,0,8,2,0,5,5,12,12,,0,0,0,0,0,0,2,0,0,0,0,0,0,7,0,0,0,0,0,0,7,0,0,0,0,0,0,8,0,0,0,0,0,0,7,1,0,5,5,10,10,,0,0,0,0,0,0,2,0,0,0,0,0,0,8,8,5,2,15,1,3,1,6,,,,1,1,1,3,,,,2,0,2,0,1,DMC(U),1,2,0,2,0,1,DMC(U),1
7,NCT OF DELHI,98,SOUTH,456,KALKAJI,64085,Molar Band (CT),18159,91402,49371,42031,9288,5001,4287,0,0,0,2009,II,CT,KALKA JI,SOUTH,4.1,18159,9288,0,0,0,0,0,0,0,0,0,0,0,0,0,917,0,1434,56.4,5326,271.4,19629,268.6,40524,106.4,91402,125.6,22293,784,792,851,617,40.9,8.9,DELHI SECRETARIATE,32,M B ROAD SAKET,12, KALKA JI ,8,DMC(U),25,DMC(U),25,TUGLAKABAD,5,Molar Band ,0,14,0,3,0,18000,0,0,TU,OHT,100,HP,,,,TW/B,,,,,,,,2,DMC (U),3,18600,0,700,700,0,0,0,0,0,0,0,4,0,0,0,0,0,0,10,1,0,2,2,6,6,,0,0,0,0,0,0,2,0,0,0,0,0,0,7,0,0,0,0,0,0,7,0,0,0,0,0,0,8,0,0,0,0,0,0,7,0,0,0,0,0,0,12,0,0,0,0,0,0,12,0,0,0,0,0,0,8,3,1,1,8,1,4,1,8,,,,1,3,1,8,,,,1,1,1,6,,,,1,2,1,2,,,
7,NCT OF DELHI,98,SOUTH,456,KALKAJI,64086,Aali (CT),5693,27169,14666,12503,4524,2389,2135,0,0,0,2009,III,CT,KALKA JI,SOUTH,4,5693,4524,0,0,0,0,0,0,0,0,0,0,0,0,0,723,0,1312,81.5,2748,109.5,3676,33.8,20590,460.1,27169,32,6792,762,692,853,617,40.9,8.9,DELHI SECRETARIATE,22,M B ROAD SAKET,10, KALKA JI ,8,DMC(U),27,DMC(U),27,TUGLAKABAD,2,Aali ,0,10,0,1,0,5500,0,0,TU,OHT,101,HP,,,,,,,,,,,,2,DMC (U),2,6000,0,100,500,0,0,0,0,0,0,0,2,0,0,0,0,0,0,8,2,0,3,3,8,8,,0,0,0,0,0,0,2,0,0,0,0,0,0,8,0,0,0,0,0,0,7,0,0,0,0,0,0,8,0,0,0,0,0,0,8,0,0,0,0,0,0,3,0,0,0,0,0,0,12,0,0,0,0,0,0,8,2,1,1,5,1,1,1,4,,,,2,0,1,2,,,,2,0,2,0,1,MADANPUR KHADAR,3,2,0,2,0,1,MADANPUR KHADAR,3
7,NCT OF DELHI,98,SOUTH,456,KALKAJI,64087,Jait Pur (CT),11070,59330,31797,27533,4432,2357,2075,0,0,0,2009,II,CT,KALKAJI,SOUTH,3.8,11070,4432,0,0,0,0,0,0,0,0,0,0,0,0,0,794,0,1058,33.2,1546,46.1,1455,-5.9,24711,1598.4,59330,140.1,15775,956,821,866,617,40.9,8.9,DELHI SECRETARIATE,26,M B ROAD SAKET,13, KALKA JI ,10,DMC(U),30,DMC(U),30,TUGLAKANAD,4,Jait Pur ,0,13,0,1,0,11000,0,0,TU,OHT,100,HP,,,,TW/B,,,,,,,,2,DMC (U),4,12000,0,500,650,0,0,0,0,0,0,0,5,0,0,0,0,0,0,8,0,0,0,0,0,0,1,0,0,0,0,0,0,2,0,0,0,0,0,0,7,0,0,0,0,0,0,7,0,0,0,0,0,0,8,0,0,0,0,0,0,7,0,0,0,0,0,0,1,0,0,0,0,0,0,12,0,0,0,0,0,0,8,2,1,0,10,1,1,1,7,,,,2,0,1,5,,,,2,0,1,2,,,,2,0,2,0,1,DMC(U),1
